Timestamp,AccelX,AccelY,AccelZ,GyroX,GyroY,GyroZ
539415,21,-255,944,0,0,0
539422,20,-254,943,0,0,0
539428,20,-252,944,0,0,0
539441,21,-253,944,0,0,0
539477,20,-251,942,0,0,0
539480,20,-251,942,0,0,0
539494,19,-250,943,0,0,-1
539539,18,-249,945,0,0,0
539541,18,-249,945,0,0,0
539558,18,-248,943,0,0,-1
539598,20,-246,947,-1,0,-1
539603,20,-246,946,-1,0,0
539613,17,-245,947,-1,0,-1
539657,15,-247,943,0,0,-1
539665,16,-246,943,0,0,-1
539680,12,-244,945,0,0,-1
539726,9,-246,945,0,0,-1
539734,10,-247,942,0,0,-1
539747,15,-246,940,-1,0,-1
539777,24,-238,936,-2,0,-1
539785,26,-229,944,-4,0,-1
539799,31,-225,984,2,-1,0
539841,23,-238,952,-6,0,0
539844,23,-238,952,-6,0,0
539857,22,-233,968,-5,0,0
539899,13,-248,938,9,0,0
539906,13,-248,938,6,0,0
539918,12,-248,937,3,0,0
539957,11,-246,949,3,0,0
539963,9,-247,947,3,0,0
539978,10,-249,941,4,0,0
540017,11,-247,942,0,0,0
540023,11,-247,942,0,0,0
540035,13,-246,945,0,0,0
540078,14,-246,942,0,0,0
540086,14,-245,943,0,0,0
540097,16,-244,945,0,0,0
540137,19,-244,945,1,0,0
540140,19,-244,945,1,0,0
540154,21,-241,945,0,0,0
540197,18,-241,947,0,0,0
540200,18,-241,947,0,0,0
540208,18,-241,946,0,0,0
540258,18,-242,948,2,0,0
540265,18,-244,948,2,0,0
540281,20,-245,942,2,0,0
540324,12,-242,948,1,0,0
540332,11,-243,947,1,0,0
540344,13,-243,946,2,0,0
540377,10,-246,945,2,0,0
540382,6,-245,942,2,0,0
540390,16,-249,944,2,0,1
540438,16,-248,940,2,0,0
540442,16,-250,939,2,0,0
540458,15,-248,942,1,0,0
540497,16,-247,946,0,0,0
540504,16,-248,945,0,0,0
540519,17,-247,945,1,0,0
540557,17,-246,943,0,0,0
540562,17,-246,943,0,0,0
540576,18,-246,945,0,0,0
540619,14,-244,942,2,0,0
540622,14,-244,942,2,0,0
540635,17,-250,946,2,0,0
540677,18,-248,945,1,0,0
540686,18,-247,944,1,0,0
540698,16,-247,947,0,0,0
540738,16,-248,948,1,0,0
540746,18,-248,946,2,0,0
540754,17,-249,944,2,0,0
540797,16,-250,941,3,0,0
540804,15,-250,941,2,0,0
540815,17,-251,942,1,0,0
540864,16,-250,947,1,0,0
540867,16,-250,947,1,0,0
540881,16,-252,942,3,0,0
540919,17,-251,941,0,0,0
540926,17,-251,941,0,0,0
540939,18,-252,944,0,0,0
540977,17,-252,941,2,0,0
540983,16,-253,940,1,0,0
540996,16,-252,940,0,0,0
541037,19,-248,946,0,0,0
541042,19,-248,945,0,0,0
541057,19,-249,942,1,0,0
541099,19,-250,946,1,0,0
541106,19,-250,946,1,0,0
541117,20,-253,946,1,0,0
541157,15,-250,943,1,0,0
541162,15,-250,943,1,0,0
541178,15,-251,943,0,0,0
541217,15,-250,943,0,0,0
541224,15,-250,943,0,0,0
541238,15,-250,943,0,0,0
541280,18,-249,944,0,0,0
541288,19,-248,946,0,0,0
541300,18,-247,946,0,0,0
541339,16,-247,944,0,0,0
541344,17,-247,943,0,0,0
541351,17,-247,943,0,0,0
541400,17,-248,943,0,0,0
541407,16,-247,943,0,0,0
541421,17,-248,943,0,0,0
541465,17,-247,945,0,0,0
541469,17,-247,945,0,0,0
541483,16,-247,944,0,0,0
541528,16,-247,943,1,0,0
541532,15,-247,945,1,0,0
541548,17,-247,945,1,0,0
541580,17,-248,945,1,0,0
541589,16,-248,943,1,0,0
541599,17,-248,944,1,0,0
541637,16,-250,943,1,0,0
541641,15,-250,944,1,0,0
541652,16,-249,943,1,0,0
541697,17,-249,943,0,0,0
541701,18,-247,945,0,0,0
541714,17,-248,945,0,0,0
541762,17,-248,945,1,0,0
541769,17,-249,945,0,0,0
541783,17,-249,942,1,0,0
541823,18,-248,944,0,0,0
541828,17,-249,944,0,0,0
541839,18,-248,945,0,0,0
541882,19,-249,944,1,0,0
541890,19,-249,943,1,0,0
541905,19,-248,944,1,0,0
541938,17,-248,945,1,0,0
541949,17,-248,944,1,0,0
541998,18,-250,943,0,0,0
542003,18,-249,945,0,0,0
542015,18,-249,945,0,0,0
542059,17,-250,944,1,0,0
542064,18,-250,945,1,0,0
542079,17,-250,945,1,0,0
542123,18,-250,943,1,0,0
542131,17,-250,943,0,0,0
542141,17,-250,943,0,0,0
542183,18,-250,942,1,0,0
542190,18,-249,942,1,0,0
542200,17,-249,942,1,0,0
542242,18,-249,945,0,0,0
542248,15,-250,944,1,0,0
542255,15,-250,944,1,0,0
542297,18,-250,944,0,0,0
542302,19,-248,944,0,0,0
542316,20,-250,944,0,0,0
542357,18,-250,944,0,0,0
542363,18,-250,944,0,0,0
542377,18,-249,943,0,0,0
542420,18,-249,943,1,0,0
542429,18,-249,944,0,0,0
542438,18,-248,943,1,0,0
542478,18,-249,943,1,0,0
542483,18,-249,943,1,0,0
542495,18,-249,942,0,0,0
542540,16,-250,945,1,0,0
542548,16,-250,944,1,0,0
542564,19,-250,945,1,0,0
542599,18,-249,945,0,0,0
542604,19,-250,945,1,0,0
542627,18,-248,944,1,0,0
542662,18,-249,944,0,0,0
542665,18,-249,944,0,0,0
542675,18,-249,946,0,0,0
542720,17,-248,947,0,0,0
542725,17,-248,947,0,0,0
542740,14,-250,944,1,0,0
542778,13,-250,941,1,0,0
542783,10,-251,942,1,0,0
542794,10,-250,943,0,0,0
542839,29,-242,942,-2,1,0
542842,29,-242,942,-2,1,0
542853,29,-240,945,-2,1,0
542898,22,-246,945,3,0,0
542910,24,-246,947,2,0,0
542958,20,-250,948,2,0,0
542962,20,-250,948,2,0,0
542977,15,-253,942,3,0,0
543020,13,-249,943,0,0,0
543026,15,-247,944,0,0,0
543041,14,-246,945,1,0,0
543086,18,-247,942,0,0,0
543094,19,-247,944,0,0,0
543104,22,-246,947,0,0,0
543144,20,-248,944,1,0,0
543152,17,-248,942,1,0,0
543166,18,-247,944,1,0,0
543198,18,-249,944,0,0,0
543204,18,-247,944,0,0,0
543212,19,-248,944,0,0,0
543260,21,-247,944,0,0,0
543265,20,-246,946,0,0,0
543279,19,-247,946,0,0,0
543321,12,-244,945,0,0,0
543328,12,-244,945,2,0,0
543342,15,-246,942,0,0,0
543387,15,-243,950,0,0,0
543391,15,-244,945,0,0,0
543402,15,-245,942,0,0,0
543447,16,-239,947,-1,0,-1
543450,16,-239,947,-1,0,-1
543458,16,-239,948,0,0,-1
543500,19,-240,944,0,0,0
543508,18,-240,945,0,0,0
543518,18,-240,947,0,0,0
543562,18,-240,945,0,0,0
543618,19,-239,949,0,0,0
543626,19,-239,951,0,0,0
543637,18,-238,948,0,0,0
543681,17,-238,950,0,0,0
543689,18,-238,947,1,0,0
543702,17,-237,952,1,0,0
543742,16,-239,945,2,0,0
543749,14,-240,941,2,0,0
543762,16,-235,949,0,0,0
543804,18,-229,930,3,0,0
543812,-230,-147,939,7,1,0
543824,102,-52,834,41,30,38
543862,74,-155,1107,-118,17,15
543869,74,-155,1107,-78,5,3
543882,62,-168,1094,-12,-2,-3
543925,-98,-178,1014,86,-37,-31
543930,-66,-145,892,120,-22,-22
543943,0,-214,789,122,-11,-13
543977,67,-221,907,-69,4,-8
543982,68,-201,979,-74,7,-4
543993,26,-216,1016,-61,9,0
544036,31,-235,953,47,-4,-1
544041,31,-252,896,51,-3,-1
544059,27,-258,890,20,-4,-1
544100,28,-229,983,-20,2,0
544108,28,-227,984,-9,1,0
544119,27,-230,971,4,0,0
544157,26,-247,921,6,-1,0
544163,26,-247,921,6,-1,0
544176,22,-241,925,-2,0,-1
544227,24,-246,953,0,-2,-1
544230,24,-246,953,0,-2,-1
544244,33,-245,953,-2,0,-1
544283,23,-237,968,-2,1,0
544287,26,-235,992,-2,1,0
544295,26,-236,984,5,0,0
544340,20,-248,910,14,-1,0
544345,22,-249,911,7,-1,0
544354,26,-252,919,1,0,0
544399,22,-242,950,1,0,0
544404,25,-242,941,5,0,-1
544412,22,-245,930,8,-1,-1
544459,22,-250,933,-4,0,-1
544463,22,-246,942,-4,0,-1
544474,23,-240,947,-8,0,-1
544520,25,-249,947,5,-1,0
544526,25,-249,947,5,-1,0
544534,24,-250,948,3,-1,-1
544577,22,-241,949,1,0,-1
544582,22,-242,957,1,0,-1
544590,21,-242,955,2,-1,-1
544641,22,-243,953,-2,0,0
544644,22,-243,953,-2,0,0
544652,22,-243,954,-1,0,0
544702,23,-248,936,4,0,0
544710,21,-247,935,2,0,0
544725,21,-247,942,0,0,0
544758,20,-243,946,1,0,0
544761,20,-243,946,1,0,0
544773,19,-245,942,3,0,0
544821,21,-246,947,0,0,0
544826,21,-245,945,0,0,0
544837,21,-245,946,1,0,0
544883,21,-249,943,0,0,0
544886,21,-249,943,0,0,0
544894,21,-245,942,0,0,-1
544940,22,-243,945,2,0,0
544945,20,-247,943,3,0,0
544953,20,-247,939,3,0,0
544997,20,-245,951,-2,0,0
545001,20,-245,951,-3,0,0
545008,21,-244,955,-3,0,0
545060,20,-245,930,5,0,0
545064,19,-247,927,5,0,0
545075,19,-251,933,1,0,0
545117,22,-242,960,-1,0,0
545122,20,-240,955,2,0,0
545133,20,-243,949,5,0,0
545181,21,-246,940,-1,0,0
545184,21,-246,940,-1,0,0
545192,20,-246,949,-3,0,0
545237,22,-245,952,6,0,0
545244,20,-246,943,6,0,0
545252,20,-244,934,7,0,0
545298,20,-244,953,-4,0,0
545301,20,-244,953,-4,0,0
545312,20,-242,954,-2,0,0
545360,19,-249,931,4,0,0
545364,19,-249,931,1,0,0
545371,20,-249,931,1,0,0
545417,22,-238,946,1,0,0
545423,22,-238,946,6,0,-1
545430,21,-242,939,6,0,-1
545481,23,-262,938,-4,1,0
545488,17,-243,970,-16,1,-1
545498,21,-231,989,-18,1,-1
545541,22,-238,955,15,-1,-1
545547,21,-242,927,15,-1,-1
545556,21,-250,913,15,-1,0
545599,20,-245,948,-8,2,0
545604,22,-243,963,-10,1,0
545615,20,-238,965,-6,1,0
545660,19,-246,934,5,0,0
545664,21,-246,931,5,0,0
545680,19,-245,927,1,0,0
545720,20,-243,955,0,0,0
545723,20,-243,955,0,0,0
545731,18,-245,956,0,0,0
545779,8,-252,948,0,0,0
545792,3,-256,957,-3,1,0
545838,14,-232,954,-1,0,-2
545844,14,-232,954,-1,0,-2
545852,37,-224,937,-1,2,-2
545899,6,-171,1106,6,6,3
545902,6,-171,1106,6,6,3
545910,-119,389,1777,65,-3,16
545957,241,-962,865,157,50,-254
545964,241,-962,865,96,6,-229
545971,515,-1726,683,96,6,-229
546017,-365,-394,3814,-294,-262,139
546023,-365,-394,3814,-256,-254,160
546035,-900,669,3999,-269,-226,131
546081,-2657,-395,3655,-458,218,-193
546086,-1907,-771,3033,-535,287,-232
546096,-2063,-1386,2580,-574,352,-253
546141,-162,-1082,437,-100,61,-30
546146,-67,-608,-850,-100,61,-30
546155,157,-559,-1229,-34,4,-42
546197,-465,-1121,-3159,33,151,-100
546205,-300,-432,-3323,44,138,-59
546216,-72,-580,-2472,67,58,-52
546259,412,170,384,288,-158,21
546264,557,292,1469,288,-158,21
546272,370,312,2064,209,-114,3
546323,49,218,860,-47,34,-24
546329,142,26,941,-30,17,-26
546339,141,101,1080,-5,0,-17
546384,197,58,1359,22,-24,-10
546389,233,63,1141,-2,0,-10
546397,240,-106,1029,-18,12,-18
546438,174,9,806,0,38,0
546441,174,9,806,0,38,0
546449,178,59,674,0,40,1
546500,278,108,859,27,-2,4
546508,291,77,891,26,-3,4
546519,296,40,933,22,-3,6
546559,143,161,699,-3,12,8
546564,143,161,699,6,10,6
546571,127,195,663,6,10,6
546621,101,165,1066,24,-13,-1
546626,111,199,1110,22,-6,-1
546642,88,220,999,5,4,-4
546680,154,160,954,-7,1,-6
546688,163,113,975,-5,0,-9
546701,181,111,978,-3,0,-6
546740,172,146,905,-6,10,-3
546745,172,132,796,-4,12,-4
546757,157,139,797,0,8,-3
546800,117,131,777,13,-4,-2
546809,126,133,795,14,-7,-2
546822,159,127,949,10,-9,-2
546860,184,114,930,1,-6,-4
546864,179,101,927,1,-6,-4
546875,183,81,902,4,-4,-4
546917,168,100,941,14,-7,-1
546924,153,106,954,8,-6,-1
546940,158,155,912,7,-4,0
546984,138,101,1049,0,-8,-2
546991,134,136,1052,0,-8,-1
546999,137,118,1051,0,-7,-2
547038,114,122,1008,2,-6,-3
547042,114,122,1008,2,-6,-3
547053,106,127,1015,3,-5,-4
547104,109,120,997,5,4,-3
547111,109,123,1019,5,4,-3
547119,115,125,985,5,5,-3
547160,126,103,950,-3,1,-5
547166,128,98,892,-2,3,-5
547174,138,96,874,1,2,-4
547224,131,88,904,6,1,0
547228,131,88,904,6,1,0
547240,134,82,904,10,3,-1
547279,147,84,1048,4,-4,-1
547284,137,86,1022,4,-2,0
547292,141,70,999,4,0,-1
547341,138,72,968,6,0,1
547345,145,93,970,6,0,1
547356,151,77,982,6,0,0
547397,186,74,998,7,3,0
547406,185,77,1004,7,4,0
547419,166,113,954,4,7,1
547464,168,90,957,4,6,0
547468,168,90,957,4,6,0
547478,182,94,944,4,6,0
547517,168,109,974,2,8,-1
547522,165,126,970,2,8,0
547538,167,139,987,1,8,-1
547580,114,103,925,-7,17,-4
547583,114,103,925,-7,17,-4
547591,40,107,915,-12,19,-4
547640,-676,-748,-2068,-188,183,-4
547644,-676,-748,-2068,-188,183,-4
547657,-525,26,-3339,40,193,16
547700,-129,-1939,-3682,3,-106,64
547707,-230,-1924,-1557,48,-232,103
547718,-177,-1541,-473,70,-255,148
547759,-2266,-1055,3111,421,-344,132
547762,-2266,-1055,3111,421,-344,132
547770,-1583,-1476,3999,452,-371,99
547821,-300,111,3999,-134,-128,73
547828,-311,359,3652,-86,-35,44
547843,-297,38,3218,-43,7,-23
547882,46,558,1990,-190,83,52
547886,-739,884,2305,-190,83,52
547895,-1089,2652,3592,-94,39,68
547938,93,-185,813,-132,114,-150
547944,113,-541,335,-135,116,-136
547955,124,-703,125,-96,93,-103
548001,-152,366,1704,7,-36,33
548007,-152,366,1704,7,-36,33
548015,-116,359,1332,-1,-9,16
548061,1,240,978,67,11,-35
548064,1,240,978,67,11,-35
548073,1,224,968,87,14,-37
548118,53,71,910,0,9,3
548122,15,96,1054,0,9,3
548138,-106,151,1007,-6,21,2
548183,55,274,950,28,22,-3
548189,44,9,969,17,18,-22
548202,60,-200,999,12,15,-22
548244,43,70,960,-6,4,-5
548251,27,76,979,-6,3,-5
548264,15,92,1011,-1,5,-4
548299,53,85,994,2,2,-2
548307,49,93,995,2,1,-3
548316,47,75,997,2,0,-4
548360,64,63,971,6,-3,-6
548367,65,87,935,6,-2,-3
548376,66,65,954,8,-2,-2
548420,48,67,955,6,0,0
548425,49,62,964,7,0,0
548442,52,59,954,7,0,-1
548480,34,64,981,6,0,-1
548485,40,61,978,6,0,-1
548494,41,62,975,6,0,-1
548538,54,55,1000,7,0,-2
548543,54,54,965,4,-1,-1
548552,47,56,973,4,-1,-1
548601,54,89,1165,16,-5,2
548604,54,89,1165,16,-5,2
548612,57,16,942,45,-5,0
548661,35,-5,1025,41,-11,-1
548664,35,-5,1025,41,-11,-1
548674,56,-26,945,60,-8,-2
548718,-43,-70,1091,53,-4,-8
548723,201,-67,1214,53,-4,-8
548739,-124,-219,802,108,10,-14
548779,-32,-146,878,70,0,-5
548784,-32,-146,878,70,0,-5
548799,-29,-210,952,51,0,-8
548840,-512,-56,1476,18,-30,-44
548845,-512,-56,1476,190,-35,-33
548852,-218,-33,1101,190,-35,-33
548904,-284,-115,719,140,35,24
548911,-167,28,512,140,35,24
548924,205,-682,565,-73,59,-34
548956,-22,62,1493,-345,53,-46
548962,-22,62,1493,-345,53,-46
548978,-16,55,1302,-30,50,-16
549019,48,-181,747,105,-18,1
549023,48,-181,747,60,-14,4
549037,-56,-196,861,23,-8,1
549078,-6,-140,1036,-18,0,11
549082,-6,-140,1036,-7,2,14
549089,19,-148,1006,-7,2,14
549139,19,-167,968,9,1,0
549144,17,-160,946,8,0,0
549153,12,-153,960,2,-2,-1
549203,15,-153,965,3,0,0
549209,15,-153,965,6,0,0
549217,17,-157,943,2,0,0
549258,16,-159,958,1,0,0
549263,16,-157,960,1,0,0
549274,15,-153,957,0,0,0
549319,14,-155,967,1,0,0
549322,14,-155,967,1,0,0
549330,14,-154,966,1,0,0
549378,15,-157,966,0,0,0
549381,15,-157,966,0,0,0
549392,17,-157,965,1,0,0
549442,15,-157,959,1,0,0
549448,14,-158,959,1,0,0
549458,14,-157,958,1,0,0
549498,15,-157,962,1,0,0
549502,15,-157,962,1,0,0
549515,17,-159,960,2,0,0
549559,20,-158,962,0,0,0
549567,18,-157,963,1,0,0
549582,19,-157,963,1,0,0
549620,18,-159,965,2,0,0
549625,18,-159,964,2,0,0
549636,15,-159,964,2,0,0
549681,16,-164,958,3,0,0
549685,22,-168,958,3,0,0
549693,13,-161,960,2,0,0
549739,15,-166,959,3,0,0
549744,16,-168,959,3,0,0
549752,20,-168,961,3,0,0
549797,19,-172,955,2,0,0
549802,19,-171,959,2,0,0
549813,21,-168,959,1,0,0
549861,14,-168,958,1,0,0
549869,13,-169,959,2,0,0
549882,12,-169,960,1,0,0
549920,10,-174,955,3,0,0
549923,10,-174,955,3,0,0
549931,13,-173,953,2,0,0
549981,18,-175,957,2,0,0
549986,18,-175,957,2,0,0
549997,19,-174,959,1,0,0
550042,17,-172,959,1,0,0
550048,18,-172,960,1,0,0
550062,17,-172,959,1,0,0
550099,18,-173,957,1,0,0
550102,18,-173,957,1,0,0
550110,16,-173,957,0,0,0
550158,16,-174,957,1,0,0
550167,16,-174,958,1,0,0
550179,16,-174,957,0,0,0
550219,20,-174,955,1,0,0
550227,19,-174,956,1,0,0
550238,20,-174,955,0,0,0
550277,17,-174,960,0,0,0
550285,17,-174,959,1,0,0
550293,17,-176,959,1,0,0
550338,22,-174,956,0,0,0
550343,22,-173,957,0,0,0
550354,22,-171,959,0,0,0
550397,22,-173,960,1,0,0
550400,22,-173,960,1,0,0
550415,23,-172,959,1,0,0
550461,24,-175,957,1,0,0
550469,24,-175,958,1,0,0
550480,23,-176,959,1,0,0
550523,20,-176,958,2,0,0
550528,20,-177,959,1,0,0
550539,20,-176,960,1,0,0
550579,19,-174,958,1,0,0
550582,19,-174,958,1,0,0
550593,20,-174,961,0,0,0
550636,19,-177,953,2,0,0
550640,19,-176,953,2,0,0
550658,20,-177,957,1,0,0
550703,21,-178,958,1,0,0
550710,21,-177,960,1,0,0
550723,23,-177,959,1,0,0
550767,26,-177,958,1,0,0
550773,27,-176,958,0,0,0
550784,26,-177,961,0,0,0
550818,25,-179,960,1,0,0
550826,23,-179,961,1,0,0
550841,22,-177,959,1,0,0
550879,20,-178,957,1,0,0
550884,19,-179,957,1,0,0
550895,20,-179,956,1,0,0
550941,23,-178,952,1,0,0
550949,25,-178,954,0,0,0
550961,29,-176,958,0,0,0
551006,26,-178,965,1,0,0
551014,27,-178,964,1,0,0
551029,25,-179,955,2,0,0
551059,23,-177,960,1,0,0
551065,24,-177,960,1,0,0
551078,26,-181,958,3,0,0
551123,20,-185,952,3,0,0
551131,20,-186,956,2,0,0
551145,18,-187,953,2,0,0
551179,16,-187,955,1,0,0
551184,16,-187,955,1,0,0
551197,17,-187,953,1,0,0
551241,21,-184,957,0,0,0
551249,19,-184,958,0,0,0
551306,23,-183,955,0,0,0
551309,23,-183,955,0,0,0
551321,24,-182,954,0,0,0
551358,27,-181,956,1,0,0
551361,27,-181,956,1,0,0
551376,29,-179,955,0,0,0
551417,29,-179,957,1,0,0
551426,28,-180,958,1,0,0
551437,29,-180,959,0,0,0
551478,28,-178,959,1,0,0
551484,28,-180,958,2,0,0
551495,25,-183,957,2,-1,0
551537,15,-187,961,2,0,0
551543,13,-188,958,2,0,0
551554,12,-188,956,3,0,0
551605,18,-182,953,0,0,0
551610,20,-184,958,0,0,0
551621,21,-182,957,0,0,0
551661,23,-186,958,1,0,0
551664,23,-186,958,1,0,0
551679,26,-182,957,0,0,0
551719,27,-182,957,1,0,0
551722,27,-182,957,1,0,0
551730,27,-183,957,1,0,0
551785,22,-186,957,0,0,0
551791,21,-186,958,0,0,0
551800,21,-187,957,1,0,0
551838,19,-188,956,0,0,0
551842,19,-188,956,0,0,0
551858,19,-186,959,0,0,0
551903,21,-186,953,0,0,0
551907,22,-183,956,0,0,0
551923,22,-183,958,0,0,0
551962,21,-183,958,1,0,0
551967,21,-184,956,1,0,0
551980,22,-184,955,1,0,0
552019,24,-182,958,0,0,0
552024,23,-182,959,0,0,0
552034,23,-183,959,0,0,0
552080,23,-185,957,0,0,0
552085,23,-184,958,0,0,0
552094,23,-183,957,0,0,0
552139,23,-184,958,1,0,0
552146,23,-185,960,0,0,0
552160,23,-185,958,1,0,0
552198,24,-185,956,1,0,0
552205,25,-183,957,0,0,0
552213,24,-184,958,0,0,0
552262,26,-188,957,1,0,0
552267,26,-188,957,1,0,0
552281,26,-188,958,1,0,0
552325,24,-187,961,1,0,0
552330,23,-188,960,1,0,0
552341,23,-188,958,2,0,0
552380,18,-187,954,1,0,0
552384,18,-187,954,1,0,0
552396,18,-187,954,1,0,0
552439,21,-187,953,1,0,0
552447,19,-187,953,1,0,0
552456,19,-185,953,0,0,0
552499,24,-188,955,0,0,0
552502,24,-188,955,0,0,0
552512,24,-187,955,0,0,0
552563,31,-186,961,1,0,0
552567,29,-187,961,1,0,0
552580,30,-188,958,1,0,0
552623,28,-187,959,1,0,0
552626,28,-187,959,1,0,0
552642,25,-186,956,2,0,0
552684,21,-190,956,2,0,0
552692,20,-189,956,2,0,0
552702,24,-191,957,2,0,0
552739,20,-188,950,2,0,0
552744,20,-192,953,1,0,0
552755,19,-191,955,1,0,0
552800,20,-192,953,2,0,0
552803,20,-192,953,2,0,0
552818,23,-192,950,1,0,0
552863,24,-192,954,1,0,0
552871,24,-192,954,0,0,0
552879,23,-192,956,1,0,0
552920,26,-191,955,1,0,-1
552928,25,-191,956,1,0,0
552938,26,-191,956,1,0,0
552980,25,-190,957,1,0,0
552985,25,-190,957,1,0,0
552997,26,-190,957,1,0,0
553039,24,-191,956,1,0,0
553046,24,-191,955,1,0,0
553058,25,-192,955,1,0,0
553097,20,-192,957,1,0,0
553100,20,-192,957,1,0,0
553112,23,-194,956,2,0,0
553160,21,-196,954,1,0,0
553165,20,-195,959,0,0,0
553178,22,-193,958,0,0,0
553217,24,-196,954,1,0,0
553220,24,-196,954,1,0,0
553235,24,-195,955,1,0,0
553278,23,-195,953,1,0,0
553283,24,-194,954,0,0,0
553294,24,-192,955,0,0,0
553339,24,-192,956,1,0,0
553344,24,-192,955,1,0,0
553355,24,-193,956,1,0,0
553400,24,-194,957,0,0,0
553403,24,-194,957,0,0,0
553415,24,-194,956,1,0,0
553462,24,-196,955,1,0,0
553465,24,-196,955,1,0,0
553480,24,-196,954,1,0,0
553522,25,-196,954,0,0,0
553526,25,-196,954,0,0,0
553538,24,-194,956,0,0,0
553583,25,-195,955,1,0,0
553591,25,-196,955,0,0,0
553605,26,-195,956,0,0,0
553640,25,-193,954,0,0,0
553648,25,-193,955,0,0,0
553663,24,-194,955,1,0,0
553700,25,-194,955,0,0,0
553708,25,-194,955,0,0,0
553720,25,-194,956,0,0,0
553759,25,-194,953,0,0,0
553763,25,-194,953,0,0,0
553776,26,-193,957,0,0,0
553821,25,-194,955,0,0,0
553828,24,-193,957,0,0,0
553840,25,-194,956,1,0,0
553878,26,-195,954,0,0,0
553883,28,-194,956,0,0,0
553895,28,-195,955,0,0,0
553937,27,-192,958,0,0,0
553942,26,-194,958,0,0,0
553951,25,-194,958,1,0,0
553999,25,-193,955,1,0,0
554003,24,-193,954,1,0,0
554011,25,-195,953,1,0,0
554063,25,-196,954,1,0,0
554068,26,-196,953,1,0,0
554079,24,-194,954,0,0,0
554117,26,-195,956,1,0,0
554121,26,-194,956,1,0,0
554129,25,-194,955,1,0,0
554176,26,-195,955,1,0,0
554180,27,-195,954,1,0,0
554191,25,-195,955,1,0,0
554243,26,-195,954,1,0,0
554248,26,-195,955,0,0,0
554259,25,-195,955,0,0,0
554297,24,-195,954,1,0,0
554300,24,-195,954,1,0,0
554314,25,-195,954,1,0,0
554356,25,-195,955,0,0,0
554361,25,-195,955,0,0,0
554375,26,-196,958,1,0,0
554419,25,-194,955,1,0,0
554424,26,-195,956,1,0,0
554432,25,-195,956,1,0,0
554480,25,-195,954,1,0,0
554484,26,-195,956,1,0,0
554492,25,-194,956,0,0,0
554540,26,-196,954,1,0,0
554544,25,-195,955,1,0,0
554560,26,-196,956,0,0,0
554602,25,-195,956,1,0,0
554605,25,-195,956,1,0,0
554613,25,-195,956,1,0,0
554665,23,-195,954,1,0,0
554670,25,-196,956,0,0,0
554679,24,-196,954,1,0,0
554718,25,-196,956,0,0,0
554721,25,-196,956,0,0,0
554737,23,-197,956,1,0,0
554782,24,-197,953,1,0,0
554787,23,-196,954,1,0,0
554795,24,-197,953,1,0,0
554838,25,-196,954,1,0,0
554841,25,-196,954,1,0,0
554857,25,-196,952,1,0,0
554898,26,-195,955,0,0,0
554901,26,-195,955,0,0,0
554910,26,-196,955,1,0,0
554960,25,-196,956,1,0,0
554965,26,-196,955,1,0,0
554973,26,-196,955,1,0,0
555020,25,-196,955,1,0,0
555025,26,-196,955,1,0,0
555033,25,-196,954,1,0,-1
555080,25,-196,956,1,0,0
555084,25,-197,954,1,0,0
555092,25,-196,955,1,0,0
555140,24,-197,954,0,0,0
555147,24,-197,956,0,0,0
555155,25,-197,957,0,0,0
555200,26,-197,956,0,0,0
555206,26,-197,956,0,0,0
555216,26,-197,956,0,0,0
555260,26,-197,955,0,0,0
555263,26,-197,955,0,0,0
555271,27,-196,955,0,0,0
555320,26,-196,954,1,0,0
555323,26,-196,954,1,0,0
555331,26,-197,954,1,0,0
555380,26,-196,955,0,0,0
555383,26,-196,955,0,0,0
555396,25,-197,953,1,0,0
555441,26,-197,955,0,0,0
555454,25,-197,955,1,0,0
555504,25,-197,957,1,0,0
555510,25,-197,957,1,0,0
555520,26,-197,956,1,0,0
555559,26,-197,954,1,0,0
555564,26,-197,955,1,0,0
555575,27,-197,955,1,0,0
555619,25,-197,953,1,0,0
555624,25,-198,955,1,0,0
555635,25,-198,953,0,0,0
555680,25,-197,953,1,0,0
555685,25,-197,953,1,0,0
555696,25,-197,954,1,0,0
555742,24,-197,954,0,0,0
555745,24,-197,954,0,0,0
555757,25,-198,955,0,0,0
555803,26,-197,956,0,0,0
555806,26,-197,956,0,0,0
555814,26,-198,957,0,0,0
555859,27,-197,956,0,0,0
555862,27,-197,956,0,0,0
555870,27,-199,956,0,0,0
555918,25,-198,956,0,0,0
555924,25,-198,956,0,0,0
555937,25,-198,954,1,0,0
555980,26,-198,956,1,0,0
555988,26,-198,954,1,0,0
556005,26,-197,953,1,0,0
556040,26,-197,954,1,0,0
556048,26,-197,955,1,0,0
556061,25,-197,954,1,0,0
556104,25,-197,956,1,0,0
556107,25,-197,956,1,0,0
556118,25,-197,956,1,0,0
556157,25,-198,954,1,0,0
556164,27,-198,954,1,0,0
556173,26,-197,955,0,0,0
556220,27,-197,953,1,0,0
556225,26,-198,954,1,0,0
556233,25,-198,954,1,0,0
556283,26,-199,954,1,0,0
556289,26,-199,954,1,0,0
556304,25,-199,954,1,0,0
556339,26,-199,954,0,0,0
556347,26,-198,954,0,0,0
556362,25,-198,955,0,0,0
556400,26,-198,955,1,0,0
556404,26,-198,955,1,0,0
556412,26,-198,954,0,0,0
556464,25,-200,954,0,0,0
556469,26,-199,955,0,0,0
556480,25,-197,956,0,0,0
556526,26,-200,955,1,0,0
556532,26,-200,955,1,0,0
556548,26,-197,955,1,0,0
556577,25,-199,954,0,0,0
556580,25,-199,954,0,0,0
556589,24,-197,955,0,0,0
556643,25,-197,954,0,0,0
556649,25,-198,957,0,0,0
556662,25,-197,955,1,0,0
556700,27,-198,955,0,0,0
556708,25,-198,956,0,0,0
556724,25,-198,954,1,0,0
556759,27,-198,955,0,0,0
556764,26,-198,955,0,0,0
556781,26,-199,955,1,0,0
556819,27,-197,955,0,0,0
556825,26,-198,954,1,0,0
556841,26,-199,952,1,0,0
556883,27,-199,956,1,0,0
556891,26,-200,952,1,0,0
556901,26,-199,954,1,0,0
556939,26,-200,957,1,0,0
556946,27,-199,954,1,0,0
556959,27,-199,955,0,0,0
557004,27,-199,954,1,0,0
557012,26,-199,955,1,0,0
557021,27,-198,954,1,0,0
557057,25,-198,956,0,0,0
557062,26,-198,957,0,0,0
557072,26,-198,957,1,0,0
557120,26,-198,957,0,0,0
557124,26,-198,957,0,0,0
557138,28,-199,954,1,0,0
557179,26,-199,957,0,0,0
557182,26,-199,957,0,0,0
557191,27,-199,955,1,0,0
557243,27,-199,954,1,0,0
557250,26,-200,954,1,0,0
557263,26,-199,955,0,0,0
557303,26,-199,955,1,0,0
557307,26,-198,955,1,0,0
557321,28,-200,955,1,0,0
557359,27,-199,954,1,0,0
557366,27,-199,954,1,0,0
557375,26,-200,955,1,0,0
557418,27,-199,955,0,0,0
557426,27,-199,956,1,0,0
557436,26,-199,955,1,0,0
557478,27,-199,955,1,0,0
557483,26,-199,955,0,0,0
557491,26,-199,954,1,0,-1
557539,25,-198,954,1,0,0
557546,25,-198,953,1,0,0
557559,27,-197,956,0,0,0
557604,28,-199,957,1,0,0
557610,27,-199,957,0,0,0
557620,26,-200,958,1,0,0
557658,25,-200,954,1,0,0
557662,25,-201,953,1,0,0
557678,26,-200,950,1,0,0
557723,25,-200,955,1,0,0
557728,26,-199,954,1,0,0
557737,27,-200,955,1,0,0
557780,27,-199,955,0,0,0
557786,28,-200,955,0,0,0
557797,27,-199,953,1,0,0
557841,27,-200,955,1,0,0
557849,26,-200,953,1,0,0
557864,27,-199,955,0,0,0
557903,25,-199,954,1,0,0
557909,25,-199,954,1,0,0
557920,26,-200,955,1,0,0
557959,26,-199,953,1,0,0
557964,26,-200,953,1,0,0
557975,27,-201,952,1,0,0
558020,26,-200,954,1,0,0
558024,26,-199,955,1,0,0
558040,26,-200,956,0,0,0
558082,26,-200,955,1,0,0
558089,26,-200,955,0,0,0
558103,27,-199,955,1,0,0
558148,26,-200,953,1,0,0
558155,26,-201,954,1,0,0
558170,27,-201,955,1,0,0
558198,26,-202,953,0,0,0
558207,26,-201,955,0,0,0
558218,28,-201,955,1,0,0
558263,27,-199,954,0,0,0
558271,28,-201,955,0,0,0
558287,27,-199,954,0,0,0
558320,27,-201,956,0,0,0
558328,29,-200,956,0,0,0
558338,30,-200,954,1,0,0
558382,26,-202,954,1,0,0
558390,26,-199,957,0,0,0
558404,28,-199,956,1,0,0
558444,27,-201,957,0,0,0
558450,27,-201,957,0,0,0
558465,28,-199,954,1,0,0
558499,27,-200,955,0,0,0
558501,27,-200,955,0,0,0
558516,29,-200,955,0,0,0
558559,28,-199,957,0,0,0
558564,28,-199,957,0,0,0
558575,28,-200,955,1,0,0
558620,28,-200,955,0,0,0
558627,29,-201,955,0,0,0
558643,27,-201,955,0,0,0
558688,28,-199,955,1,0,0
558692,28,-201,956,1,0,0
558705,28,-200,952,0,0,0
558739,28,-200,956,1,0,0
558744,29,-201,957,1,0,0
558759,29,-198,955,1,0,0
558799,28,-199,956,0,0,0
558807,28,-199,956,1,0,0
558819,30,-200,955,1,0,0
558865,28,-199,956,0,0,0
558869,28,-199,957,0,0,0
558881,29,-199,955,1,0,0
558917,27,-200,955,0,0,0
558921,27,-200,956,0,0,0
558936,28,-200,956,1,0,0
558977,28,-200,954,1,0,0
558980,28,-200,954,1,0,0
558992,26,-200,954,1,0,0
559037,27,-200,954,1,0,0
559040,27,-200,954,1,0,0
559053,27,-201,953,1,0,0
559100,28,-201,954,0,0,0
559108,28,-202,954,1,0,0
559119,28,-200,954,1,0,0
559158,27,-200,954,1,0,0
559162,27,-200,954,1,0,0
559177,26,-201,954,1,0,0
559217,28,-202,954,0,0,0
559225,29,-202,954,1,0,0
559241,27,-200,954,0,0,0
559283,27,-201,953,1,0,0
559290,28,-201,954,0,0,0
559302,27,-200,955,0,0,-1
559337,27,-200,954,0,0,0
559342,28,-200,954,0,0,0
559351,27,-200,954,1,0,0
559400,27,-201,953,1,0,0
559407,27,-201,953,1,0,0
559419,26,-202,954,1,0,0
559464,28,-202,954,1,0,0
559469,29,-201,954,0,0,0
559480,30,-200,955,0,0,0
559520,29,-200,954,0,0,0
559523,29,-200,954,0,0,0
559533,28,-201,955,0,0,0
559585,27,-201,954,1,0,0
559588,27,-201,954,1,0,0
559601,27,-201,956,0,0,0
559646,28,-201,953,1,0,0
559649,28,-201,953,1,0,0
559663,28,-201,955,0,0,0
559705,28,-201,953,1,0,0
559713,27,-201,953,0,0,0
559725,28,-201,954,0,0,0
559760,27,-200,954,1,0,0
559766,28,-201,955,0,0,0
559777,29,-201,954,0,0,0
559819,28,-201,955,1,0,0
559824,28,-200,956,0,0,0
559833,28,-200,956,1,0,0
559880,26,-200,953,0,0,0
559885,26,-201,954,0,0,0
559899,28,-202,955,0,0,0
559937,28,-202,953,1,0,0
559943,29,-203,953,0,0,0
559958,28,-200,957,0,0,0
559997,27,-202,954,1,0,0
560005,28,-202,953,1,0,0
560018,29,-201,954,0,0,0
560060,28,-201,955,1,0,0
560064,28,-201,955,1,0,0
560078,28,-200,954,0,0,0
560117,28,-201,956,0,0,0
560123,28,-201,956,0,0,0
560135,28,-201,954,1,0,0
560178,27,-201,957,0,0,0
560184,27,-201,957,0,0,0
560194,29,-201,953,1,0,0
560244,29,-202,955,0,0,0
560247,29,-202,955,0,0,0
560257,29,-202,954,1,0,0
560303,27,-200,955,0,0,0
560308,27,-200,955,0,0,0
560316,28,-202,956,0,0,0
560360,28,-201,954,1,0,0
560365,28,-202,954,1,0,0
560377,28,-201,954,1,0,0
560423,28,-201,954,0,0,0
560426,28,-201,954,0,0,0
560436,28,-201,955,0,0,0
560478,28,-201,954,1,0,0
560483,28,-202,954,0,0,0
560494,28,-202,954,0,0,0
560539,26,-201,955,0,0,0
560543,27,-201,955,0,0,0
560558,27,-205,954,1,0,0
560597,32,-202,955,0,0,0
560601,32,-202,955,0,0,0
560615,31,-200,955,1,0,0
560657,27,-201,958,1,0,0
560661,27,-201,953,1,0,0
560672,27,-201,951,1,0,0
560720,25,-202,949,2,0,0
560723,25,-202,949,2,0,0
560732,26,-202,948,1,0,0
560780,28,-202,951,1,0,0
560784,28,-202,951,0,0,0
560796,29,-201,953,0,0,0
560839,28,-203,954,0,0,0
560843,28,-203,954,0,0,0
560856,28,-202,954,0,0,0
560898,29,-202,955,0,0,0
560906,30,-201,957,0,0,0
560922,29,-202,955,1,0,0
560967,27,-203,954,1,0,0
560972,28,-203,954,0,0,0
560984,28,-202,953,1,0,0
561019,28,-201,954,0,0,0
561027,26,-199,954,0,0,0
561043,26,-200,953,1,0,0
561078,32,-200,958,0,0,0
561083,31,-201,953,1,0,0
561098,32,-204,949,1,0,0
561137,26,-201,955,0,0,0
561142,24,-200,954,0,0,0
561158,24,-201,960,0,0,0
561198,31,-202,955,1,0,0
561202,31,-202,953,1,0,0
561217,30,-203,954,0,0,0
561257,28,-201,952,1,0,0
561261,27,-200,950,1,0,0
561270,27,-202,950,1,0,0
561322,29,-201,954,0,0,0
561327,29,-201,955,0,0,0
561339,30,-200,956,0,0,0
561378,30,-201,955,0,0,0
561386,29,-200,954,0,0,0
561395,29,-200,954,0,0,0
561438,29,-200,952,0,0,0
561445,30,-200,954,0,0,0
561456,30,-201,956,0,0,0
561497,29,-201,954,1,0,0
561500,29,-201,954,1,0,0
561514,30,-203,955,1,0,0
561556,30,-200,956,0,0,0
561559,30,-200,956,0,0,0
561581,29,-201,957,0,0,0
561626,30,-200,956,0,0,0
561631,30,-200,955,1,0,0
561641,30,-200,955,1,0,0
561680,28,-200,953,0,0,0
561685,28,-200,953,0,0,0
561700,29,-200,955,1,0,0
561742,28,-201,953,1,0,0
561745,28,-201,953,1,0,0
561754,27,-202,953,1,0,0
561799,28,-201,960,0,0,0
561805,28,-201,960,0,0,0
561819,29,-202,955,1,0,0
561858,31,-201,954,0,0,0
561863,31,-201,954,0,0,0
561871,31,-201,953,1,0,0
561922,30,-200,953,0,0,0
561926,31,-201,954,0,0,0
561936,30,-200,953,0,0,0
561979,28,-200,956,0,0,0
561985,29,-201,957,0,0,0
561996,29,-200,957,0,0,0
562039,29,-200,955,0,0,0
562045,28,-201,955,0,0,0
562055,28,-201,956,0,0,0
562104,29,-202,956,0,0,0
562109,29,-202,956,0,0,0
562117,28,-201,954,1,0,0
562160,29,-201,958,0,0,0
562167,29,-200,955,1,0,0
562175,28,-201,954,1,0,0
562227,28,-200,955,1,0,0
562235,28,-201,953,1,0,0
562248,28,-201,953,0,0,0
562277,31,-201,959,0,0,0
562284,30,-201,956,1,0,0
562299,31,-201,949,2,0,0
562338,31,-201,953,0,0,0
562344,31,-201,954,0,0,0
562352,31,-202,952,1,0,0
562398,30,-200,954,0,0,0
562404,29,-201,954,0,0,0
562417,30,-200,953,1,0,0
562457,28,-201,956,0,0,0
562461,29,-200,954,0,0,0
562471,29,-201,954,1,0,0
562519,29,-201,955,1,0,0
562528,29,-202,954,1,0,0
562536,29,-201,952,1,0,0
562579,28,-201,955,1,0,0
562586,28,-201,952,1,0,0
562597,28,-202,951,1,0,0
562639,29,-202,954,1,0,0
562645,28,-201,951,1,0,0
562657,28,-201,952,1,0,0
562698,29,-202,953,1,0,0
562702,29,-202,953,1,0,0
562714,29,-201,953,1,0,0
562759,28,-201,953,0,0,0
562766,30,-201,952,0,0,0
562781,30,-201,954,0,0,0
562819,30,-201,954,0,0,0
562824,30,-202,955,1,0,0
562835,30,-202,953,1,0,0
562880,29,-202,953,1,0,0
562883,29,-202,953,1,0,0
562891,30,-201,954,0,0,0
562939,30,-202,952,1,0,0
562945,30,-202,952,1,0,0
562958,28,-201,953,0,0,0
562999,30,-201,954,1,0,0
563002,30,-201,954,1,0,0
563010,29,-201,955,0,0,0
563059,30,-202,954,0,0,0
563062,30,-202,954,0,0,0
563070,29,-201,954,1,0,0
563120,28,-201,953,1,0,0
563128,29,-201,953,0,0,0
563179,31,-202,953,1,0,0
563182,31,-202,953,1,0,0
563192,30,-202,954,0,0,0
563240,28,-201,953,0,0,0
563245,30,-201,954,0,0,0
563254,30,-200,956,0,0,0
563300,29,-201,953,0,0,0
563306,29,-201,953,0,0,0
563317,30,-201,952,1,0,0
563360,29,-201,953,0,0,0
563364,29,-201,952,0,0,0
563373,30,-203,954,0,0,0
563418,31,-201,954,1,0,0
563426,31,-203,954,1,0,0
563435,30,-202,954,1,0,0
563480,30,-202,953,0,0,0
563486,30,-202,953,0,0,0
563500,30,-202,954,0,0,0
563538,28,-201,952,0,0,0
563545,29,-200,953,0,0,0
563561,30,-201,953,1,0,0
563606,28,-202,954,0,0,0
563610,30,-201,954,0,0,0
563618,29,-202,952,1,0,0
563658,29,-202,956,0,0,0
563661,29,-202,956,0,0,0
563669,30,-202,955,1,0,0
563718,30,-201,953,1,0,0
563722,30,-201,953,1,0,0
563736,30,-200,954,1,0,0
563779,30,-203,952,0,0,0
563782,30,-203,952,0,0,0
563792,30,-201,955,0,0,0
563840,29,-202,953,1,0,0
563845,29,-201,952,1,0,0
563853,29,-201,951,1,0,0
563900,29,-202,952,1,0,0
563907,30,-202,952,1,0,0
563916,31,-203,955,0,0,0
563958,29,-201,951,1,0,0
563966,29,-203,952,1,0,0
563979,30,-202,954,0,0,0
564018,30,-202,955,1,0,0
564026,29,-202,952,1,0,0
564035,32,-202,954,1,0,0
564080,30,-203,951,1,0,0
564083,30,-203,951,1,0,0
564094,30,-200,951,0,0,0
564139,29,-201,955,0,0,0
564145,29,-201,955,0,0,0
564160,28,-201,953,1,0,0
564202,30,-201,955,0,0,0
564210,29,-202,955,0,0,0
564220,30,-202,954,0,0,0
564265,30,-201,953,0,0,0
564272,31,-202,954,0,0,0
564287,30,-202,954,1,0,0
564319,30,-201,952,1,0,0
564322,30,-201,952,1,0,0
564330,29,-202,953,1,0,0
564384,0,-201,952,1,0,0
564389,0,-201,952,1,0,0
564402,30,-202,953,0,0,0
564446,30,-202,953,1,0,0
564453,29,-203,952,1,0,0
564463,29,-203,952,0,0,0
564508,30,-202,951,1,0,0
564515,30,-202,952,0,0,0
564523,29,-202,952,0,0,0
564558,30,-203,951,1,0,0
564566,30,-202,954,0,0,0
564575,29,-201,954,0,0,0
564620,30,-202,954,0,0,0
564627,30,-202,955,0,0,0
564641,30,-202,956,1,0,0
564679,31,-202,954,1,0,0
564683,32,-202,954,1,0,0
564696,30,-202,953,1,0,0
564740,30,-201,953,0,0,0
564743,30,-201,953,0,0,0
564752,29,-201,954,0,0,0
564801,29,-202,952,1,0,0
564809,29,-201,952,1,0,0
564818,28,-202,955,0,0,0
564858,31,-202,955,0,0,0
564861,31,-202,955,0,0,0
564875,30,-203,955,1,0,0
564917,31,-203,955,1,0,0
564924,31,-203,955,1,0,0
564937,30,-203,953,1,0,0
564980,30,-202,953,1,0,0
564986,30,-201,954,1,0,0
564997,30,-202,952,1,0,0
565041,30,-203,951,1,0,0
565049,31,-203,950,1,0,0
565065,30,-202,952,0,0,0
565097,31,-203,954,0,0,0
565105,32,-203,950,1,0,0
565116,30,-203,950,1,0,0
565160,30,-202,957,0,0,0
565167,30,-201,958,0,0,0
565182,30,-202,954,1,0,0
565228,30,-202,954,0,0,0
565232,30,-202,956,0,0,0
565243,29,-203,956,0,0,0
565278,29,-203,950,1,15,0
565282,30,-203,953,1,15,0
565293,28,-203,953,0,0,0
565338,29,-203,951,0,0,0
565343,31,-203,952,0,0,0
565357,30,-201,953,0,0,-1
565399,31,-203,955,0,0,0
565406,31,-203,955,0,0,0
565420,29,-201,954,1,0,0
565460,30,-200,956,0,0,0
565463,30,-200,956,0,0,0
565475,30,-202,953,1,0,0
565522,32,-202,956,0,0,0
565530,31,-202,954,1,0,0
565543,32,-205,948,2,0,0
565580,29,-200,953,0,0,0
565585,28,-201,954,1,0,0
565597,29,-203,953,1,0,0
565645,31,-202,954,1,0,0
565648,31,-202,954,1,0,0
565657,30,-202,953,1,0,0
565699,29,-202,952,1,0,0
565707,30,-202,952,1,0,0
565722,30,-203,954,0,0,0
565760,31,-202,952,1,0,0
565766,30,-205,953,1,0,0
565776,31,-203,955,0,0,0
565820,30,-202,954,0,0,0
565828,31,-202,956,1,0,0
565838,30,-202,953,0,0,0
565883,30,-204,952,1,0,0
565890,31,-203,952,1,0,0
565901,31,-203,953,1,0,0
565940,28,-203,953,1,0,0
565948,30,-203,953,1,0,0
565960,28,-202,953,1,0,0
566002,30,-203,953,1,0,0
566009,30,-202,952,0,0,0
566020,30,-202,953,0,0,0
566060,29,-202,953,0,0,0
566068,30,-202,953,0,0,0
566078,29,-202,953,1,0,0
566118,31,-202,954,1,0,0
566126,31,-201,954,1,0,0
566138,31,-203,954,1,0,0
566178,30,-203,952,0,0,0
566185,30,-201,952,1,0,0
566196,30,-203,952,1,0,0
566238,29,-202,954,0,0,0
566246,31,-203,952,1,0,0
566262,30,-204,952,0,0,0
566304,30,-202,952,1,0,0
566308,30,-202,952,1,0,0
566324,29,-203,952,0,0,0
566356,30,-202,953,1,0,0
566359,30,-202,953,1,0,0
566376,30,-203,954,0,0,0
566420,30,-203,953,0,0,0
566425,30,-203,953,0,0,0
566439,31,-204,954,0,0,0
566484,31,-203,953,0,0,0
566492,30,-203,954,0,0,0
566504,30,-203,954,0,0,0
566538,30,-203,952,0,0,0
566545,30,-203,954,0,0,0
566553,30,-203,954,0,0,0
566598,31,-203,954,0,0,0
566601,31,-203,954,0,0,0
566610,32,-203,954,1,0,0
566660,30,-203,953,1,0,0
566668,30,-203,953,0,0,0
566680,29,-203,954,0,0,0
566720,31,-203,954,0,0,0
566728,31,-203,955,0,0,0
566738,31,-203,954,1,0,0
566778,31,-203,953,0,0,0
566784,30,-202,952,1,0,0
566796,30,-202,952,1,0,0
566845,30,-203,953,0,0,0
566853,30,-203,953,0,0,0
566864,30,-203,954,1,0,0
566899,29,-203,954,0,0,0
566904,30,-203,953,0,0,0
566918,30,-203,953,1,0,0
566958,30,-203,954,1,0,0
566965,30,-203,954,1,0,0
566976,31,-203,953,0,0,0
567020,31,-203,954,0,0,0
567026,31,-203,954,0,0,0
567042,29,-202,954,1,0,0
567086,30,-203,954,0,0,0
567090,30,-203,955,0,0,0
567101,30,-204,954,1,0,0
567143,27,-203,954,2,0,0
567150,28,-204,952,2,0,0
567167,30,-204,950,1,0,0
567198,31,-204,954,0,0,0
567204,31,-204,954,0,0,0
567220,30,-204,953,1,0,0
567265,32,-203,952,1,0,0
567270,32,-203,952,1,0,0
567283,31,-204,953,0,0,0
567318,29,-203,955,0,0,0
567321,29,-203,955,0,0,0
567336,28,-204,957,1,0,0
567378,29,-204,953,0,0,0
567386,29,-203,953,0,0,0
567396,30,-204,954,0,0,0
567439,30,-202,953,0,0,0
567447,30,-203,955,0,0,0
567461,30,-204,953,1,0,0
567503,32,-202,953,0,0,0
567511,32,-203,954,0,0,0
567522,31,-203,955,0,0,0
567567,33,-202,951,0,0,0
567572,31,-202,953,0,0,0
567583,33,-204,955,0,0,0
567618,32,-201,953,0,0,0
567625,31,-202,955,0,0,0
567639,32,-203,955,0,0,0
567678,31,-202,950,1,0,0
567685,31,-202,948,1,0,0
567700,33,-200,955,0,0,0
567745,32,-200,953,0,0,0
567750,32,-199,954,0,0,0
567760,32,-200,954,0,0,0
567802,34,-201,953,0,0,0
567810,32,-198,953,0,0,0
567824,33,-199,953,0,0,0
567858,33,-200,954,0,0,0
567862,33,-200,954,0,0,0
567876,31,-200,954,0,0,0
567919,32,-199,954,0,0,0
567927,31,-199,954,0,0,0
567939,32,-199,953,0,0,0
567985,35,-196,955,0,0,0
567989,35,-196,955,0,0,0
568003,35,-198,958,0,0,0
568043,31,-197,956,1,0,0
568046,31,-197,956,1,0,0
568057,31,-197,953,1,0,0
568098,31,-198,954,1,0,0
568103,30,-199,954,1,0,0
568116,29,-198,953,1,0,0
568162,29,-200,953,0,0,0
568170,29,-201,953,1,0,0
568184,30,-201,950,1,0,0
568217,28,-202,953,0,0,0
568224,29,-204,953,0,0,0
568239,30,-203,950,0,0,0
568278,33,-199,952,0,1,0
568283,34,-199,955,0,1,0
568294,34,-198,954,0,1,-1
568345,42,-201,955,-1,0,0
568352,41,-189,955,-1,0,0
568367,41,-194,953,0,0,0
568398,38,-193,957,0,0,0
568401,38,-193,957,0,0,0
568416,38,-195,958,0,0,0
568458,35,-195,961,1,-1,0
568464,35,-195,961,2,-1,0
568477,33,-197,955,2,-1,0
568520,28,-198,954,2,-1,0
568525,28,-197,953,2,-1,0
568537,28,-197,953,2,0,0
568580,26,-199,953,2,0,0
568589,27,-200,952,2,0,0
568601,27,-199,950,1,0,0
568639,28,-199,948,1,0,0
568647,28,-200,950,1,0,0
568661,30,-200,950,1,0,0
568707,37,-198,951,0,1,0
568712,38,-199,951,0,0,0
568726,39,-199,952,0,0,0
568766,40,-197,954,0,0,0
568771,39,-197,954,0,0,0
568782,38,-196,955,0,0,0
568818,36,-197,957,0,0,0
568823,36,-197,957,1,0,0
568838,36,-195,955,1,0,-1
568880,33,-194,957,1,0,0
568889,32,-195,954,1,0,-1
568897,32,-195,956,1,0,0
568940,32,-198,952,2,0,0
568948,32,-197,953,1,0,0
568959,31,-196,956,0,0,0
568999,30,-200,955,1,0,0
569002,30,-200,955,1,0,0
569011,30,-197,955,1,0,0
569064,31,-198,953,0,0,0
569068,31,-198,954,0,0,0
569077,32,-198,954,0,0,0
569118,34,-198,956,0,0,0
569126,33,-198,954,0,0,-1
569140,35,-198,953,1,0,0
569186,35,-198,957,1,0,0
569194,36,-197,954,0,0,0
569204,35,-197,956,1,0,0
569238,34,-199,959,0,0,0
569244,34,-198,957,0,0,0
569254,34,-198,955,1,0,0
569298,31,-197,956,1,0,0
569303,31,-197,954,1,0,0
569318,31,-199,952,1,0,0
569358,30,-197,954,1,0,0
569363,30,-198,954,1,0,0
569374,30,-198,953,1,0,0
569419,30,-198,955,1,0,0
569423,31,-199,953,1,0,0
569433,30,-200,951,1,0,0
569478,32,-198,953,0,0,0
569482,33,-198,953,0,0,0
569492,33,-199,953,0,0,0
