Timestamp,AccX,AccY,AccZ,GyroX,GyroY,GyroZ
1567,-0.15,-0.23,0.92,0.67,-0.18,0.31
1578,-0.14,-0.23,0.92,1.22,0.98,1.04
1591,-0.14,-0.22,0.92,1.16,1.22,0.98
1603,-0.15,-0.23,0.92,2.26,0.43,0.98
1616,-0.15,-0.23,0.92,2.38,0.55,0.85
1629,-0.16,-0.23,0.92,2.44,0.67,0.79
1641,-0.15,-0.23,0.92,2.69,1.34,0.85
1654,-0.15,-0.23,0.92,3.17,1.16,0.55
1668,-0.15,-0.24,0.92,3.36,1.10,0.55
1682,-0.15,-0.24,0.92,3.42,1.04,0.85
1695,-0.15,-0.24,0.92,3.36,1.65,0.79
1707,-0.15,-0.24,0.92,3.17,1.59,0.92
1720,-0.15,-0.24,0.92,3.11,1.34,0.67
1732,-0.15,-0.23,0.92,3.36,1.16,0.85
1745,-0.15,-0.24,0.92,3.48,0.49,1.04
1760,-0.15,-0.24,0.92,3.05,0.49,1.16
1775,-0.15,-0.23,0.92,3.30,0.85,1.22
1790,-0.15,-0.23,0.92,3.36,0.67,0.85
1805,-0.15,-0.23,0.92,3.60,0.18,0.61
1819,-0.14,-0.23,0.91,3.78,-0.12,0.43
1834,-0.14,-0.23,0.92,4.21,-0.24,0.43
1848,-0.13,-0.23,0.92,4.64,-0.55,0.79
1863,-0.14,-0.23,0.92,4.58,-1.46,1.16
1878,-0.15,-0.23,0.92,4.70,-1.46,1.34
1893,-0.15,-0.24,0.92,5.07,-1.65,1.83
1906,-0.15,-0.24,0.92,5.13,-1.53,1.95
1921,-0.16,-0.25,0.92,5.07,-0.98,2.08
1936,-0.15,-0.25,0.92,4.33,0.31,2.14
1950,-0.14,-0.25,0.92,4.27,0.24,1.71
1963,-0.14,-0.25,0.93,4.27,-0.43,1.59
1977,-0.15,-0.25,0.93,4.52,-1.59,1.46
1991,-0.15,-0.25,0.92,4.39,-2.38,1.16
2005,-0.15,-0.25,0.93,4.46,-2.38,1.22
2020,-0.17,-0.26,0.93,4.33,-2.38,1.10
2035,-0.16,-0.26,0.93,3.91,-1.28,1.22
2049,-0.16,-0.26,0.93,3.48,-1.10,0.61
2064,-0.16,-0.26,0.93,3.48,-0.61,0.37
2078,-0.16,-0.26,0.94,2.62,0.00,-0.31
2093,-0.15,-0.25,0.94,2.32,0.31,-0.79
2107,-0.14,-0.25,0.94,2.38,0.24,-0.79
2122,-0.15,-0.25,0.94,2.38,-0.49,-0.73
2136,-0.15,-0.24,0.93,2.14,0.12,-0.12
2151,-0.15,-0.24,0.93,2.08,1.71,0.43
2165,-0.15,-0.24,0.92,1.95,2.38,0.61
2178,-0.14,-0.24,0.92,2.62,2.44,0.61
2192,-0.14,-0.24,0.92,2.87,2.20,0.55
2207,-0.14,-0.24,0.92,3.72,1.40,0.31
2221,-0.14,-0.25,0.92,3.78,1.40,0.67
2236,-0.14,-0.26,0.92,3.42,2.50,1.77
2250,-0.14,-0.25,0.92,3.30,2.93,2.08
2264,-0.13,-0.25,0.93,2.87,3.05,2.50
2277,-0.13,-0.25,0.92,3.60,1.95,2.62
2291,-0.15,-0.26,0.92,4.21,-1.16,2.20
2305,-0.16,-0.27,0.92,4.21,-1.89,2.14
2319,-0.17,-0.27,0.92,3.85,-1.10,1.89
2333,-0.17,-0.27,0.92,2.99,1.10,1.83
2346,-0.17,-0.27,0.92,2.93,1.34,1.10
2357,-0.16,-0.26,0.93,2.56,1.46,0.85
2370,-0.15,-0.27,0.93,2.87,0.31,0.12
2383,-0.15,-0.26,0.92,2.69,-0.12,-0.12
2396,-0.15,-0.26,0.92,2.69,-1.28,-0.85
2409,-0.15,-0.26,0.92,2.75,-1.77,-1.04
2423,-0.15,-0.26,0.92,3.42,-2.08,-1.46
2435,-0.15,-0.26,0.92,3.11,-1.83,-1.10
2448,-0.16,-0.27,0.93,2.99,-0.92,-0.43
2461,-0.15,-0.27,0.93,2.56,-0.18,-0.12
2474,-0.15,-0.27,0.92,2.01,0.12,0.24
2487,-0.15,-0.27,0.92,1.71,-0.06,0.06
2498,-0.15,-0.27,0.92,2.08,-1.04,-1.10
2511,-0.16,-0.27,0.92,2.01,-1.59,-1.53
2524,-0.16,-0.26,0.92,2.44,-1.40,-1.83
2537,-0.16,-0.26,0.92,2.26,-1.10,-1.95
2550,-0.16,-0.27,0.92,2.93,-0.67,-2.01
2563,-0.15,-0.27,0.91,2.81,-0.79,-2.20
2576,-0.15,-0.27,0.91,3.30,-1.34,-2.26
2590,-0.15,-0.26,0.91,2.99,-2.08,-2.38
2605,-0.15,-0.26,0.91,3.66,-2.08,-2.38
2621,-0.14,-0.27,0.91,3.48,-1.83,-3.05
2636,-0.12,-0.27,0.93,3.97,-1.65,-4.33
2651,-0.16,-0.28,0.92,5.19,-1.83,-5.31
2665,-0.18,-0.28,0.91,5.31,-2.56,-5.68
2678,-0.18,-0.27,0.91,5.43,-2.44,-5.74
2691,-0.17,-0.27,0.92,4.76,-1.83,-4.46
2705,-0.16,-0.27,0.93,3.97,-0.37,-4.15
2719,-0.15,-0.26,0.93,2.75,0.24,-3.54
2733,-0.15,-0.26,0.93,2.75,-0.12,-3.30
2745,-0.15,-0.27,0.92,3.05,-0.73,-2.75
2757,-0.15,-0.27,0.92,3.11,-0.98,-2.20
2771,-0.17,-0.27,0.92,2.62,-0.61,-1.65
2786,-0.17,-0.27,0.93,1.95,0.61,-1.04
2801,-0.16,-0.27,0.93,1.95,1.10,-1.22
2814,-0.16,-0.27,0.93,1.59,1.34,-1.40
2828,-0.16,-0.28,0.93,1.40,1.16,-2.20
2842,-0.16,-0.27,0.92,0.92,0.92,-2.50
2857,-0.16,-0.27,0.92,1.46,0.61,-3.11
2872,-0.15,-0.27,0.91,1.28,0.55,-2.99
2887,-0.14,-0.26,0.92,0.79,0.43,-2.81
2901,-0.14,-0.26,0.92,0.92,0.55,-2.81
2915,-0.15,-0.26,0.92,1.34,1.10,-2.62
2929,-0.15,-0.26,0.92,2.32,1.65,-2.26
2943,-0.15,-0.26,0.91,2.44,1.89,-2.26
2958,-0.16,-0.26,0.89,3.48,1.89,-2.69
2972,-0.18,-0.27,0.88,4.76,1.34,-3.23
2987,-0.16,-0.27,0.89,4.70,1.10,-3.11
3001,-0.13,-0.26,0.91,4.52,0.12,-3.36
3016,-0.14,-0.27,0.91,4.70,-0.43,-3.54
3031,-0.14,-0.27,0.92,5.00,-0.06,-3.66
3046,-0.15,-0.27,0.92,4.39,0.55,-3.48
3058,-0.16,-0.28,0.91,4.88,1.04,-3.36
3072,-0.17,-0.28,0.91,5.00,0.73,-3.23
3085,-0.17,-0.29,0.92,4.70,0.61,-2.81
3098,-0.16,-0.29,0.93,3.97,0.37,-1.65
3111,-0.17,-0.29,0.93,3.66,0.06,-1.22
3124,-0.17,-0.29,0.92,3.23,0.31,-0.73
3137,-0.17,-0.29,0.92,2.81,0.24,-0.61
3150,-0.16,-0.28,0.91,2.62,-0.12,-0.98
3163,-0.16,-0.28,0.91,2.56,-0.49,-1.16
3175,-0.16,-0.29,0.91,2.44,-1.34,-2.14
3188,-0.16,-0.29,0.91,2.32,-1.65,-2.20
3202,-0.17,-0.29,0.91,2.14,-1.34,-1.89
3215,-0.18,-0.29,0.91,1.53,1.40,-1.22
3228,-0.16,-0.28,0.92,1.59,3.30,-0.55
3241,-0.16,-0.28,0.92,1.83,3.60,-0.06
3253,-0.15,-0.28,0.91,2.44,3.30,-0.31
3267,-0.15,-0.29,0.91,2.44,1.10,-0.55
3282,-0.16,-0.29,0.91,2.56,0.49,-0.43
3295,-0.16,-0.30,0.91,1.34,0.92,-0.18
3310,-0.16,-0.29,0.92,0.73,1.71,-0.18
3326,-0.16,-0.28,0.92,0.67,0.92,-0.24
3341,-0.16,-0.28,0.92,0.79,0.55,-0.18
3356,-0.16,-0.28,0.91,1.83,-0.61,-0.18
3370,-0.15,-0.28,0.90,2.38,-0.61,-0.55
3386,-0.14,-0.27,0.90,2.20,-0.43,-1.16
3399,-0.16,-0.29,0.91,1.83,-0.43,-2.08
3413,-0.18,-0.30,0.92,1.40,0.12,-2.38
3426,-0.19,-0.30,0.93,1.22,0.31,-2.26
3441,-0.18,-0.30,0.93,1.16,0.43,-1.83
3455,-0.17,-0.29,0.93,1.04,1.04,-1.10
3470,-0.16,-0.28,0.93,1.10,1.16,-0.79
3484,-0.15,-0.28,0.92,1.77,1.10,-0.79
3499,-0.14,-0.27,0.92,1.89,0.37,-0.67
3513,-0.14,-0.28,0.91,2.62,0.31,-0.49
3528,-0.15,-0.28,0.92,3.17,0.67,0.00
3542,-0.14,-0.29,0.91,3.11,0.67,0.31
3557,-0.14,-0.28,0.92,3.54,0.79,0.79
3572,-0.14,-0.29,0.92,3.36,0.37,1.34
3587,-0.14,-0.28,0.91,3.30,0.00,1.53
3602,-0.13,-0.28,0.89,3.60,-0.43,1.16
3616,-0.14,-0.29,0.90,3.60,-1.40,0.67
3631,-0.16,-0.29,0.91,2.69,-1.59,0.43
3646,-0.16,-0.29,0.91,2.32,-1.53,0.49
3660,-0.17,-0.30,0.91,2.87,-1.53,0.73
3674,-0.17,-0.30,0.91,3.11,-1.04,1.34
3689,-0.17,-0.30,0.91,3.42,-0.37,1.65
3704,-0.16,-0.30,0.91,3.60,-0.55,1.77
3719,-0.16,-0.29,0.91,3.05,-0.79,1.40
3734,-0.16,-0.30,0.91,3.60,-1.22,0.85
3749,-0.16,-0.30,0.91,3.48,-1.04,0.55
3764,-0.16,-0.30,0.91,3.54,-0.43,0.18
3779,-0.15,-0.30,0.92,2.99,-0.49,-0.12
3794,-0.15,-0.29,0.92,2.99,0.00,0.12
3808,-0.15,-0.29,0.92,2.75,0.55,0.92
3823,-0.15,-0.29,0.92,2.20,1.04,1.77
3837,-0.15,-0.29,0.91,2.69,1.28,1.89
3852,-0.14,-0.29,0.92,2.20,0.49,2.01
3866,-0.15,-0.29,0.92,2.20,-0.67,1.46
3881,-0.16,-0.30,0.92,2.08,-1.28,1.28
3894,-0.17,-0.30,0.92,1.34,-1.77,1.71
3908,-0.17,-0.30,0.92,0.61,-0.67,1.77
3922,-0.16,-0.29,0.91,0.00,-0.79,1.53
3936,-0.16,-0.29,0.90,0.31,-1.22,0.31
3949,-0.16,-0.29,0.90,0.43,-1.95,-0.18
3962,-0.16,-0.29,0.89,1.46,-2.99,-0.85
3975,-0.16,-0.29,0.89,2.56,-2.56,-1.10
3989,-0.16,-0.28,0.90,2.99,-2.14,-0.98
4002,-0.15,-0.29,0.90,3.85,-1.59,-0.73
4016,-0.15,-0.28,0.90,3.91,-1.22,-0.55
4028,-0.14,-0.28,0.91,3.78,-1.83,-0.49
4042,-0.14,-0.28,0.91,3.97,-2.44,-0.37
4054,-0.16,-0.28,0.92,3.97,-2.44,-0.43
4068,-0.15,-0.28,0.93,3.85,-1.65,-0.12
4081,-0.16,-0.27,0.95,3.66,-0.31,-0.31
4095,-0.15,-0.26,0.98,4.03,-0.06,-1.16
4108,-0.17,-0.26,1.00,4.15,-0.31,-1.77
4122,-0.17,-0.25,1.05,3.78,1.22,-2.50
4134,-0.17,-0.24,1.09,3.72,2.87,-3.30
4148,-0.17,-0.20,1.22,1.28,8.97,-6.16
4160,-0.15,-0.16,1.31,0.06,12.88,-9.22
4173,-0.15,-0.14,1.58,-4.94,24.90,-17.94
4187,-0.17,-0.16,1.82,-11.72,43.15,-23.19
4201,-0.20,-0.30,1.90,-16.91,55.18,-24.17
4215,-0.13,-0.40,1.99,-32.10,79.53,-19.23
4228,-0.07,-0.46,2.01,-41.02,90.64,-15.26
4241,0.01,-0.59,1.98,-63.54,105.22,-9.09
4254,0.06,-0.62,1.94,-90.09,103.15,-5.43
4267,0.11,-0.65,1.87,-105.83,101.38,-5.43
4279,0.18,-0.65,1.83,-133.85,65.31,-5.92
4292,0.08,-0.60,1.78,-139.83,41.69,-14.16
4304,0.11,-0.63,1.73,-147.64,32.71,-13.12
4317,-0.14,-0.64,1.55,-161.62,-13.43,-29.72
4331,-0.27,-0.66,1.36,-201.90,42.97,19.35
4344,-0.13,-0.53,1.28,-209.23,55.36,22.83
4356,0.03,-0.52,1.09,-192.14,47.73,-7.32
4370,-0.04,-0.51,0.99,-181.21,26.86,-25.57
4382,-0.22,-0.43,0.77,-191.71,53.83,-29.66
4396,-0.14,-0.45,0.69,-204.77,65.55,-32.04
4409,-0.11,-0.38,0.54,-203.06,48.71,-21.91
4423,-0.03,-0.30,0.47,-191.28,18.01,-24.11
4436,-0.18,-0.25,0.33,-187.99,6.77,-27.65
4449,-0.22,-0.14,0.28,-197.69,11.29,-12.51
4463,-0.17,-0.12,0.22,-193.12,6.59,-9.28
4478,-0.08,-0.06,0.19,-179.32,3.30,-6.29
4492,-0.15,-0.03,0.11,-169.19,20.57,-16.91
4505,0.02,0.08,0.16,-173.03,24.29,-5.68
4517,-0.01,0.13,0.13,-175.96,28.14,1.46
4530,0.06,0.16,0.12,-170.10,30.33,19.65
4542,0.05,0.17,0.09,-154.11,40.95,4.03
4554,0.15,0.24,0.08,-147.52,47.12,-3.23
4567,0.23,0.28,0.08,-135.99,48.89,-24.96
4579,0.26,0.35,0.10,-127.87,38.57,-35.03
4592,0.24,0.38,0.08,-114.26,26.49,-54.26
4607,0.22,0.47,0.09,-117.13,23.56,-47.85
4622,0.20,0.50,0.09,-123.11,21.36,-30.82
4636,0.20,0.61,0.11,-138.31,30.09,-40.28
4651,0.27,0.65,0.09,-133.54,31.13,-4.46
4664,0.19,0.70,0.04,-112.37,9.22,-2.32
4678,0.23,0.92,0.08,-126.40,-24.48,-41.93
4691,0.15,0.95,0.04,-112.98,-8.91,14.59
4705,0.08,0.86,-0.05,-92.71,28.14,38.82
4720,0.22,1.00,-0.02,-91.98,42.11,29.11
4734,0.23,0.99,-0.01,-79.83,31.13,15.01
4749,0.15,1.01,0.00,-66.04,22.40,5.13
4763,0.14,1.06,-0.02,-54.81,23.25,9.22
4778,0.18,1.10,-0.03,-49.74,18.92,8.30
4792,0.22,1.13,-0.06,-38.76,13.92,4.64
4807,0.26,1.16,-0.07,-32.47,8.48,-4.88
4822,0.29,1.19,-0.06,-30.15,10.01,-3.05
4837,0.29,1.19,-0.08,-21.55,16.54,0.43
4851,0.33,1.17,-0.05,-18.49,19.29,0.92
4865,0.34,1.17,-0.01,-10.80,22.03,1.65
4879,0.34,1.18,-0.02,-1.59,17.64,0.67
4894,0.35,1.18,-0.08,3.85,13.43,0.49
4908,0.38,1.15,-0.05,14.34,7.08,-0.06
4922,0.37,1.12,-0.02,22.28,2.81,-0.12
4937,0.34,1.05,0.05,24.60,1.77,0.24
4950,0.33,1.02,0.09,26.00,1.77,2.69
4964,0.33,1.00,0.10,25.39,1.89,6.10
4978,0.29,0.99,0.13,23.99,3.97,8.18
4991,0.26,0.96,0.18,21.97,9.70,11.72
5005,0.26,0.95,0.19,20.45,11.54,12.88
5019,0.26,0.95,0.21,18.62,12.02,13.37
5032,0.25,0.93,0.21,18.43,8.42,12.21
5046,0.23,0.93,0.21,17.58,6.71,11.60
5060,0.21,0.91,0.23,15.26,4.82,9.40
5074,0.20,0.92,0.24,11.66,3.23,7.45
5088,0.18,0.92,0.24,10.31,3.42,6.84
5101,0.17,0.92,0.23,8.12,5.19,6.41
5115,0.17,0.91,0.23,6.96,5.98,6.10
5129,0.20,0.92,0.22,4.09,5.92,4.39
5143,0.21,0.92,0.23,2.50,3.30,2.01
5157,0.20,0.92,0.22,2.26,1.71,1.22
5171,0.20,0.92,0.22,2.32,-0.79,-0.73
5186,0.19,0.92,0.21,2.62,-1.04,-2.01
5200,0.18,0.93,0.21,2.20,2.14,-1.77
5214,0.19,0.93,0.20,1.65,3.97,-1.71
5228,0.21,0.93,0.18,1.34,6.65,-1.46
5242,0.22,0.93,0.17,1.71,6.84,-2.62
5256,0.23,0.95,0.18,1.53,4.94,-3.54
5269,0.23,0.94,0.19,2.50,2.08,-4.46
5282,0.24,0.95,0.19,2.81,0.55,-5.07
5297,0.25,0.95,0.19,4.09,-2.56,-5.74
5311,0.24,0.94,0.19,5.37,-4.03,-5.68
5325,0.21,0.93,0.19,5.43,-3.78,-4.94
5341,0.23,0.94,0.18,5.49,-0.67,-2.75
5355,0.23,0.95,0.19,3.97,2.26,0.06
5370,0.23,0.94,0.20,3.42,4.76,1.28
5383,0.25,0.95,0.20,2.75,4.58,1.46
5396,0.26,0.95,0.20,2.69,2.38,1.10
5410,0.25,0.95,0.20,2.75,0.67,0.31
5424,0.24,0.96,0.21,2.87,-3.23,-1.04
5438,0.22,0.94,0.21,3.97,-4.27,-1.59
5453,0.21,0.94,0.20,3.78,-4.15,-1.46
5467,0.21,0.94,0.20,3.91,-1.89,-0.49
5482,0.21,0.93,0.21,2.50,1.59,0.61
5496,0.22,0.94,0.22,1.46,4.27,0.98
5510,0.24,0.95,0.22,1.16,4.09,0.61
5524,0.26,0.94,0.21,0.98,1.89,-0.37
5538,0.26,0.94,0.21,1.83,-1.59,-1.89
5553,0.25,0.94,0.21,1.77,-2.87,-2.44
5565,0.23,0.94,0.21,2.32,-3.30,-2.26
5577,0.22,0.94,0.21,2.32,-2.08,-1.59
5590,0.22,0.93,0.21,2.93,1.59,-0.12
5602,0.22,0.93,0.20,2.32,2.81,0.49
5615,0.23,0.93,0.20,1.71,5.68,1.04
5626,0.24,0.94,0.20,1.34,6.23,0.98
5639,0.25,0.94,0.19,1.53,5.68,0.61
5651,0.25,0.95,0.20,2.20,2.50,-0.92
5665,0.25,0.94,0.20,2.75,-0.12,-1.77
5679,0.24,0.94,0.20,3.91,-1.34,-2.38
5693,0.24,0.94,0.20,5.07,-2.50,-2.75
5708,0.23,0.94,0.20,5.07,-1.34,-1.65
5722,0.23,0.94,0.20,5.07,-0.06,-1.16
5738,0.23,0.94,0.20,4.39,3.78,0.43
5752,0.25,0.94,0.21,4.15,6.16,1.22
5765,0.25,0.94,0.21,3.85,6.41,1.40
5778,0.25,0.94,0.21,3.72,5.19,1.28
5793,0.25,0.94,0.20,4.09,1.77,-0.18
5808,0.25,0.94,0.20,3.97,-0.24,-0.73
5822,0.23,0.94,0.21,4.70,-3.48,-2.08
5836,0.22,0.93,0.22,4.88,-3.23,-1.71
5851,0.21,0.94,0.22,3.66,-0.43,-0.73
5864,0.23,0.94,0.22,3.42,0.85,-0.49
5876,0.24,0.95,0.21,2.38,1.34,-0.67
5891,0.25,0.95,0.21,2.56,0.61,-1.34
5906,0.25,0.95,0.22,2.75,-2.01,-3.05
5920,0.23,0.94,0.23,3.48,-2.56,-4.03
5935,0.23,0.94,0.23,3.78,-1.89,-3.91
5949,0.24,0.93,0.23,3.78,0.00,-3.60
5963,0.24,0.93,0.22,3.30,2.38,-2.81
5977,0.25,0.92,0.22,2.56,3.72,-2.01
5990,0.27,0.94,0.22,1.34,5.07,-0.85
6005,0.28,0.95,0.22,0.73,4.52,-1.04
6019,0.28,0.95,0.22,1.46,3.48,-1.53
6032,0.27,0.94,0.21,2.20,0.12,-2.08
6044,0.27,0.94,0.21,2.75,-1.34,-2.26
6056,0.25,0.93,0.21,3.48,-2.81,-2.38
6068,0.24,0.92,0.22,4.03,-2.56,-1.95
6081,0.23,0.92,0.22,3.66,-0.67,-0.98
6093,0.24,0.92,0.22,3.66,0.49,-0.43
6105,0.24,0.92,0.22,2.69,2.93,0.98
6118,0.25,0.92,0.22,2.32,3.91,1.28
6129,0.25,0.92,0.22,1.89,4.33,1.65
6141,0.26,0.93,0.22,1.83,3.78,1.22
6154,0.26,0.93,0.22,1.40,2.81,1.10
6166,0.25,0.93,0.22,1.71,0.06,0.31
6178,0.25,0.92,0.22,1.89,-1.04,0.18
6192,0.23,0.93,0.23,2.20,-2.44,-0.49
6205,0.23,0.93,0.22,2.01,-2.62,-0.61
6217,0.23,0.93,0.22,2.08,-1.77,-0.73
6230,0.23,0.93,0.22,1.83,-1.34,-0.79
6241,0.23,0.93,0.22,1.95,0.31,-0.92
6254,0.23,0.93,0.22,1.65,1.59,-0.92
6266,0.25,0.93,0.22,1.46,3.23,-0.98
6278,0.26,0.93,0.22,1.40,3.54,-0.92
6290,0.26,0.94,0.22,1.83,2.44,-1.40
6303,0.26,0.94,0.22,1.89,1.53,-1.71
6315,0.26,0.94,0.22,2.62,-0.73,-2.81
6328,0.26,0.93,0.22,2.62,-1.59,-2.75
6340,0.26,0.93,0.22,2.75,-1.95,-2.69
6353,0.25,0.93,0.23,2.69,-2.01,-2.44
6366,0.25,0.93,0.23,1.89,-0.73,-1.77
6378,0.25,0.93,0.23,1.65,0.55,-1.22
6390,0.25,0.93,0.23,1.16,1.04,-1.04
6404,0.25,0.93,0.22,0.55,2.01,-0.49
6417,0.26,0.93,0.22,0.61,1.89,-0.18
6430,0.26,0.93,0.23,0.31,1.34,-0.24
6443,0.26,0.93,0.22,1.10,0.24,-0.61
6457,0.26,0.93,0.21,1.10,-0.55,-0.61
6472,0.25,0.93,0.22,1.95,-2.20,-0.85
6487,0.25,0.92,0.22,2.14,-2.08,-0.18
6501,0.25,0.92,0.22,2.08,-0.24,0.92
6515,0.25,0.92,0.22,1.95,0.49,1.16
6529,0.25,0.93,0.22,1.89,1.65,1.16
6543,0.26,0.93,0.22,1.83,1.28,0.55
6557,0.26,0.94,0.22,2.26,0.49,0.24
6571,0.26,0.94,0.23,2.81,-1.34,-0.67
6586,0.25,0.94,0.23,3.36,-1.77,-0.49
6600,0.25,0.93,0.22,3.72,-1.22,-0.31
6612,0.25,0.92,0.23,3.91,0.24,0.37
6624,0.25,0.92,0.23,3.91,0.98,0.49
6636,0.25,0.92,0.23,3.60,0.85,0.55
6648,0.25,0.92,0.24,3.30,0.79,0.43
6659,0.25,0.93,0.24,2.81,0.49,0.43
6671,0.25,0.92,0.24,2.99,0.06,0.00
6682,0.25,0.93,0.24,2.81,-0.12,-0.12
6695,0.25,0.93,0.24,2.75,-0.67,-0.73
6708,0.26,0.93,0.23,2.93,-2.20,-0.85
6721,0.25,0.93,0.23,2.99,-2.69,-0.92
6734,0.23,0.93,0.23,2.56,-1.65,-0.49
6746,0.23,0.93,0.24,2.50,1.53,0.67
6759,0.23,0.93,0.23,2.01,3.11,0.98
6772,0.25,0.93,0.22,1.83,4.58,0.79
6784,0.26,0.94,0.22,1.34,3.72,0.31
6797,0.26,0.94,0.22,2.26,0.61,-0.98
6809,0.25,0.94,0.22,2.50,-0.67,-1.16
6823,0.24,0.93,0.21,3.42,-0.43,-0.79
6834,0.23,0.94,0.21,3.42,0.55,-0.12
6847,0.23,0.93,0.20,3.91,4.27,0.85
6860,0.22,0.93,0.19,3.72,7.20,1.59
6872,0.23,0.93,0.19,3.72,9.46,1.95
6884,0.25,0.94,0.19,4.46,11.96,1.89
6897,0.25,0.94,0.19,5.37,11.90,1.28
6910,0.27,0.95,0.22,7.08,9.58,-0.18
6923,0.27,0.94,0.22,7.81,7.75,-1.34
6935,0.26,0.94,0.25,9.09,4.27,-2.50
6948,0.26,0.92,0.26,9.58,3.48,-2.93
6961,0.25,0.91,0.27,8.61,2.01,-2.69
6973,0.26,0.91,0.28,7.93,2.32,-2.56
6988,0.26,0.91,0.29,5.74,2.93,-2.01
7002,0.27,0.91,0.29,3.36,3.05,-1.65
7017,0.27,0.92,0.29,0.92,2.50,-1.28
7031,0.28,0.92,0.28,0.12,1.77,-1.28
7045,0.28,0.93,0.27,-1.28,-0.49,-1.59
7060,0.27,0.93,0.26,-1.95,-1.22,-1.53
7075,0.27,0.93,0.25,-2.01,-1.28,-1.59
7090,0.27,0.93,0.24,-2.26,-1.04,-1.28
7105,0.26,0.93,0.23,-2.01,-0.06,-0.92
7119,0.26,0.93,0.22,-1.77,1.40,-0.67
7133,0.26,0.93,0.22,-1.71,1.89,-0.55
7147,0.27,0.93,0.21,-0.79,1.83,-0.61
7161,0.27,0.92,0.22,-0.18,2.08,-0.12
7176,0.27,0.92,0.22,0.31,1.71,-0.12
7191,0.27,0.93,0.21,0.92,1.22,0.24
7205,0.26,0.92,0.21,2.14,-0.24,0.06
7219,0.26,0.92,0.21,3.42,-0.43,0.00
7233,0.25,0.92,0.22,3.60,-0.18,0.31
7246,0.24,0.91,0.22,3.78,1.83,1.04
7260,0.24,0.91,0.22,3.48,3.66,2.20
7274,0.24,0.91,0.22,3.17,8.00,3.66
7288,0.24,0.91,0.22,1.28,10.86,5.07
7302,0.26,0.93,0.22,1.71,11.60,5.07
7314,0.28,0.93,0.22,1.83,10.50,4.52
7326,0.27,0.94,0.22,2.50,8.36,3.85
7338,0.27,0.93,0.21,3.48,3.91,2.56
7350,0.26,0.94,0.21,4.15,1.95,1.89
7362,0.26,0.94,0.21,4.09,-15.01,0.73
7375,0.25,0.93,0.22,4.46,-1.46,0.37
7386,0.24,0.93,0.23,4.03,-1.59,0.12
7398,0.24,0.93,0.23,3.78,-0.98,0.18
7410,0.24,0.92,0.23,3.60,0.31,0.18
7422,0.25,0.92,0.24,3.36,2.81,0.43
7434,0.26,0.93,0.25,1.34,3.78,0.61
7446,0.26,0.93,0.26,0.73,4.52,0.61
7458,0.27,0.93,0.26,0.12,5.07,0.79
7471,0.27,0.93,0.26,-0.31,4.46,0.55
7484,0.28,0.93,0.26,-0.79,2.38,0.24
7497,0.27,0.93,0.25,-1.10,0.79,0.00
7511,0.26,0.94,0.25,-1.46,-1.95,-0.67
7524,0.26,0.94,0.25,-1.28,-3.36,-1.46
7538,0.25,0.94,0.24,-1.46,-3.85,-1.77
7551,0.26,0.94,0.24,-0.98,-4.15,-2.56
7564,0.26,0.94,0.24,-0.79,-4.21,-2.99
7578,0.24,0.94,0.24,-0.43,-3.72,-3.11
7590,0.25,0.93,0.24,-0.49,-2.56,-2.69
7602,0.25,0.93,0.24,-0.31,0.31,-1.71
7616,0.26,0.93,0.24,-0.73,1.59,-1.46
7631,0.26,0.93,0.24,-0.55,1.65,-1.65
7645,0.26,0.93,0.24,-0.67,0.79,-2.01
7660,0.25,0.93,0.24,-0.67,0.67,-1.83
7675,0.25,0.93,0.24,-0.18,0.73,-2.01
7690,0.25,0.92,0.23,-0.18,0.61,-2.01
7704,0.25,0.92,0.22,0.49,0.18,-2.50
7718,0.25,0.91,0.21,0.79,0.06,-2.93
7731,0.26,0.92,0.21,0.98,-0.06,-3.05
7746,0.26,0.92,0.21,1.53,0.06,-3.36
7761,0.26,0.92,0.21,2.62,-0.61,-3.30
7776,0.26,0.90,0.21,3.05,-1.10,-3.54
7791,0.26,0.90,0.19,2.93,-0.79,-3.85
7805,0.26,0.91,0.18,2.99,0.73,-3.97
7819,0.27,0.91,0.17,3.91,0.06,-4.39
7833,0.26,0.92,0.15,4.76,-1.22,-4.58
7845,0.27,0.92,0.15,6.90,-2.87,-4.58
7858,0.26,0.92,0.16,7.51,-2.99,-4.21
7870,0.26,0.92,0.18,8.36,-1.71,-3.23
7883,0.26,0.92,0.20,8.61,-0.67,-2.26
7898,0.28,0.93,0.22,8.30,-0.43,-0.43
7912,0.29,0.93,0.23,7.51,-1.65,1.77
7927,0.29,0.93,0.25,7.02,-2.69,2.20
7941,0.28,0.93,0.27,6.16,-4.39,3.17
7956,0.27,0.93,0.28,4.58,-5.07,4.03
7970,0.27,0.93,0.28,3.91,-5.62,4.46
7983,0.26,0.93,0.28,2.44,-6.65,4.52
7996,0.25,0.94,0.28,1.46,-7.02,3.97
8009,0.25,0.94,0.27,1.10,-7.08,3.42
8022,0.24,0.94,0.27,0.73,-7.14,2.14
8037,0.24,0.94,0.26,0.67,-6.96,1.46
8050,0.24,0.93,0.26,0.92,-6.71,-0.24
8062,0.24,0.92,0.25,1.16,-5.92,-0.79
8075,0.24,0.91,0.23,1.46,-4.76,-2.50
8089,0.24,0.91,0.22,1.71,-4.39,-3.72
8101,0.25,0.91,0.21,3.36,-5.07,-4.33
8114,0.25,0.91,0.21,4.27,-6.16,-5.07
8127,0.25,0.89,0.23,6.41,-5.86,-5.13
8139,0.25,0.89,0.24,6.84,-5.00,-4.64
8151,0.27,0.88,0.26,7.14,-2.81,-3.60
8164,0.28,0.88,0.27,6.71,-1.65,-2.75
8176,0.30,0.88,0.28,5.74,-1.16,-1.46
8188,0.30,0.89,0.29,5.13,-1.71,-0.92
8200,0.30,0.90,0.29,4.15,-3.05,0.61
8212,0.29,0.91,0.29,3.54,-3.23,1.34
8225,0.29,0.92,0.29,2.81,-3.72,2.32
8238,0.29,0.93,0.29,2.38,-4.09,2.75
8250,0.29,0.93,0.29,2.50,-4.88,3.05
8262,0.27,0.94,0.28,2.69,-4.82,3.17
8274,0.26,0.94,0.28,2.93,-4.39,3.60
8287,0.26,0.94,0.28,2.44,-2.69,3.60
8300,0.26,0.94,0.28,2.14,0.06,3.23
8313,0.26,0.94,0.27,2.14,0.73,2.81
8325,0.26,0.94,0.27,2.26,0.43,1.59
8338,0.26,0.94,0.27,2.50,0.24,1.10
8351,0.26,0.94,0.27,3.72,-0.85,-0.37
8365,0.24,0.94,0.27,3.85,-0.61,-0.49
8380,0.24,0.92,0.27,4.52,0.92,-0.98
8394,0.24,0.92,0.27,4.15,2.93,-1.04
8408,0.25,0.91,0.28,4.09,3.54,-1.10
8423,0.26,0.91,0.28,2.75,3.36,-1.28
8436,0.26,0.91,0.28,2.08,2.56,-1.22
8450,0.27,0.91,0.28,1.65,2.01,-0.85
8463,0.26,0.92,0.27,1.16,0.98,-0.79
8477,0.26,0.92,0.27,1.40,0.37,-0.85
8491,0.26,0.92,0.26,1.83,-0.49,-1.10
8506,0.25,0.91,0.26,2.69,-1.10,-1.28
8520,0.25,0.91,0.25,2.87,-0.61,-1.34
8535,0.25,0.91,0.25,3.23,-0.12,-1.59
8550,0.25,0.92,0.25,3.30,0.73,-1.22
8565,0.25,0.92,0.25,3.85,1.16,-0.79
8579,0.25,0.92,0.25,4.15,1.53,-0.31
8593,0.26,0.93,0.26,4.27,2.32,0.06
8606,0.26,0.93,0.26,4.58,2.20,0.18
8618,0.27,0.93,0.27,4.09,1.77,0.12
8631,0.26,0.92,0.27,4.27,0.73,0.24
8645,0.26,0.92,0.28,3.66,0.43,0.37
8659,0.26,0.92,0.27,3.11,-0.37,0.43
8673,0.26,0.92,0.27,2.38,-1.40,0.24
8686,0.25,0.92,0.27,2.75,-2.20,0.18
8698,0.25,0.91,0.28,2.14,-2.75,0.06
8712,0.24,0.91,0.28,1.89,-2.50,0.12
8726,0.24,0.91,0.28,1.10,-0.98,0.43
8741,0.24,0.91,0.28,0.49,-0.06,0.49
8754,0.25,0.91,0.28,0.37,0.00,0.24
8768,0.25,0.91,0.28,0.12,-0.73,-0.18
8782,0.26,0.91,0.28,0.12,-1.71,-0.55
8796,0.26,0.91,0.27,-0.24,-2.44,-0.85
8811,0.25,0.91,0.27,0.06,-3.36,-1.53
8826,0.25,0.91,0.27,0.92,-3.54,-1.65
8841,0.25,0.91,0.27,1.28,-2.01,-0.92
8855,0.25,0.91,0.27,1.40,-1.22,-0.67
8869,0.26,0.91,0.27,1.53,0.24,-0.37
8883,0.27,0.92,0.27,1.71,0.06,-0.79
8897,0.26,0.91,0.27,2.01,-0.85,-0.85
8912,0.26,0.92,0.28,2.20,-1.16,-0.49
8927,0.26,0.92,0.28,2.14,-0.73,-0.31
8942,0.27,0.92,0.28,2.44,-0.79,15.56
8956,0.26,0.92,0.28,2.50,-1.04,0.06
8970,0.25,0.92,0.28,2.14,-1.22,0.24
8984,0.25,0.92,0.28,2.32,-0.98,0.24
8998,0.25,0.92,0.28,2.32,-0.18,0.55
9013,0.25,0.92,0.28,2.38,0.43,0.49
9027,0.26,0.92,0.28,2.14,0.67,0.18
9041,0.25,0.92,0.28,1.95,0.85,0.06
9055,0.25,0.92,0.28,1.53,1.22,-0.31
9069,0.26,0.92,0.28,1.34,0.98,-0.61
9082,0.26,0.91,0.28,1.22,0.61,-0.79
9096,0.26,0.91,0.28,0.92,0.00,-1.04
9111,0.25,0.91,0.28,0.98,-0.31,-0.92
9126,0.25,0.91,0.28,0.79,0.49,-0.67
9140,0.25,0.91,0.27,0.61,1.04,-0.61
9154,0.26,0.92,0.27,1.04,0.73,-1.04
9168,0.26,0.92,0.27,0.85,0.37,-1.40
9182,0.25,0.92,0.27,1.34,-0.61,-1.40
9196,0.26,0.92,0.27,1.40,0.18,-0.73
9211,0.26,0.91,0.27,1.59,0.43,-0.49
9225,0.26,0.92,0.27,1.65,0.61,-0.37
9239,0.26,0.91,0.27,1.71,0.18,-0.37
9253,0.26,0.92,0.27,1.59,-0.18,-0.43
9267,0.26,0.91,0.28,1.53,-0.12,-0.55
9282,0.25,0.91,0.28,1.34,-0.31,-0.49
9296,0.25,0.91,0.28,1.16,-0.24,-0.31
9311,0.25,0.92,0.27,1.59,-0.12,-0.31
9326,0.26,0.91,0.27,1.28,-0.24,-0.06
9340,0.26,0.91,0.27,0.98,0.79,0.24
9353,0.26,0.91,0.27,0.79,1.16,0.24
9366,0.26,0.90,0.28,0.55,1.53,0.61
9379,0.28,0.90,0.28,0.06,1.46,0.92
9393,0.28,0.89,0.27,0.12,0.43,1.28
9407,0.28,0.89,0.27,0.12,0.00,2.20
9421,0.27,0.90,0.26,0.18,0.06,2.93
9433,0.27,0.90,0.26,1.28,0.61,4.09
9444,0.26,0.91,0.25,1.16,0.92,4.58
9456,0.26,0.92,0.25,1.34,0.92,4.52
9469,0.25,0.91,0.24,1.95,-0.18,3.78
9483,0.24,0.91,0.24,2.26,-1.53,2.75
9497,0.23,0.91,0.24,2.26,-1.95,2.32
9512,0.23,0.92,0.25,2.20,-2.08,1.28
9526,0.23,0.92,0.27,2.50,-2.62,0.85
9540,0.23,0.92,0.27,2.99,-2.81,0.92
9553,0.24,0.92,0.27,3.60,-3.23,1.53
9566,0.24,0.92,0.27,4.27,-3.72,1.71
9578,0.24,0.92,0.27,4.76,-4.39,1.28
9592,0.24,0.92,0.28,5.19,-4.58,0.98
9605,0.23,0.92,0.29,5.43,-4.52,0.67
9618,0.23,0.92,0.29,5.62,-3.30,0.73
9632,0.24,0.93,0.29,5.62,-2.20,0.61
9647,0.25,0.93,0.29,4.82,-0.61,0.00
9661,0.25,0.93,0.29,4.27,-0.67,-1.22
9676,0.26,0.93,0.29,4.03,-1.22,-1.59
9691,0.25,0.94,0.29,4.64,-1.65,-2.20
9705,0.24,0.93,0.29,5.00,-0.73,-2.44
9719,0.24,0.93,0.29,5.31,0.92,-2.69
9732,0.25,0.93,0.29,5.43,1.46,-2.87
9747,0.26,0.92,0.30,5.80,1.28,-2.93
9761,0.26,0.91,0.29,5.86,0.92,-2.69
9775,0.26,0.90,0.29,5.07,0.79,-2.50
9789,0.26,0.90,0.30,5.00,0.73,-2.14
9803,0.26,0.90,0.30,4.46,0.24,-1.89
9817,0.26,0.90,0.31,4.21,0.31,-0.79
9831,0.26,0.88,0.32,3.42,0.61,0.43
9844,0.26,0.89,0.31,2.93,1.10,0.79
9856,0.27,0.89,0.31,1.65,0.79,1.04
9866,0.27,0.90,0.31,1.16,0.24,0.67
9879,0.26,0.90,0.31,0.98,-0.31,0.61
9890,0.25,0.91,0.30,0.92,-1.53,0.18
9903,0.24,0.92,0.30,0.85,-1.40,0.06
9915,0.24,0.92,0.30,1.40,0.12,-0.12
9927,0.24,0.92,0.29,1.71,1.04,0.06
9940,0.24,0.92,0.29,2.08,3.30,0.31
9953,0.25,0.92,0.29,1.95,4.39,0.43
9967,0.26,0.93,0.29,2.20,5.25,0.31
9981,0.26,0.92,0.29,2.01,4.39,-0.18
9995,0.26,0.93,0.30,1.95,3.48,-0.31
10010,0.26,0.92,0.30,2.01,2.01,-0.24
10024,0.26,0.92,0.30,1.40,1.16,0.00
10038,0.25,0.91,0.30,1.40,0.73,0.00
10049,0.25,0.91,0.30,0.92,0.49,0.24
10061,0.23,0.91,0.30,0.73,0.67,0.31
10074,0.23,0.91,0.30,-0.06,1.34,0.18
10087,0.23,0.91,0.30,-0.06,1.53,0.18
10100,0.23,0.91,0.30,-0.37,1.59,0.12
10115,0.23,0.91,0.30,-0.31,1.46,-0.18
10130,0.23,0.91,0.30,-0.73,1.77,0.18
10144,0.24,0.91,0.30,-1.04,2.14,0.12
10159,0.25,0.91,0.30,-1.40,1.65,-0.55
10173,0.25,0.91,0.30,-1.77,1.28,-0.67
10187,0.25,0.90,0.30,-1.95,0.85,-0.55
10201,0.25,0.90,0.29,-2.26,1.65,0.31
10215,0.25,0.91,0.29,-2.44,2.08,0.43
10230,0.25,0.92,0.28,-2.50,1.89,0.24
10244,0.25,0.92,0.28,-2.32,0.55,-0.67
10258,0.25,0.92,0.28,-2.01,0.06,-0.79
10272,0.25,0.91,0.27,-1.46,0.55,-0.67
10287,0.25,0.91,0.27,-0.79,2.08,-0.12
10300,0.26,0.91,0.27,-0.98,2.99,0.31
10313,0.26,0.92,0.27,-0.73,3.36,0.43
10325,0.27,0.92,0.27,-0.92,2.93,0.31
10337,0.26,0.92,0.27,-0.12,1.40,0.00
10350,0.26,0.92,0.27,-0.18,1.16,0.06
10363,0.25,0.91,0.27,0.61,1.10,0.37
10375,0.25,0.91,0.27,0.61,1.40,0.85
10387,0.25,0.91,0.27,0.98,1.71,1.10
10400,0.25,0.91,0.28,0.73,1.77,1.46
10413,0.24,0.91,0.28,0.73,2.08,1.46
10425,0.25,0.91,0.28,0.43,2.26,1.65
10436,0.25,0.91,0.28,0.18,2.38,1.65
10448,0.25,0.91,0.28,0.18,1.95,1.28
10459,0.25,0.91,0.28,-0.06,1.53,1.16
10473,0.25,0.91,0.28,-0.24,0.49,0.67
10486,0.25,0.90,0.28,-0.43,0.00,0.49
10498,0.25,0.90,0.28,-0.43,-0.73,0.55
10512,0.24,0.89,0.28,-0.55,-0.79,0.49
10527,0.25,0.89,0.28,-0.85,0.00,0.85
10541,0.25,0.90,0.26,-1.40,1.53,1.28
10555,0.25,0.90,0.25,-2.26,2.44,1.59
10568,0.25,0.93,0.23,-2.56,3.66,0.92
10580,0.25,0.96,0.24,-2.99,3.78,0.43
10593,0.25,0.98,0.25,-1.89,3.11,-0.85
10607,0.25,0.98,0.26,-0.43,1.34,-1.22
10620,0.25,0.96,0.25,0.31,0.67,-1.22
10632,0.25,0.95,0.25,0.43,0.24,-0.98
10646,0.25,0.94,0.26,0.18,0.55,-0.85
10658,0.24,0.93,0.27,-0.67,1.59,-1.04
10671,0.24,0.93,0.27,-0.49,2.26,-1.10
10683,0.25,0.93,0.27,-0.85,2.81,-1.46
10696,0.25,0.91,0.27,-0.55,2.75,-1.40
10710,0.26,0.91,0.27,-0.37,2.08,-1.65
10723,0.26,0.91,0.27,-0.06,2.08,-1.65
10737,0.26,0.91,0.27,0.00,1.65,-1.83
10751,0.26,0.91,0.27,0.31,1.77,-1.53
10765,0.26,0.91,0.27,0.49,1.77,-1.40
10780,0.25,0.92,0.26,-0.37,1.89,-1.22
10794,0.26,0.93,0.26,0.00,1.89,-1.10
10808,0.26,0.93,0.26,-0.18,1.95,-0.92
10822,0.25,0.92,0.26,-0.06,2.44,-0.67
10836,0.26,0.92,0.26,-0.12,2.62,-0.49
10848,0.26,0.92,0.26,-0.06,2.38,-0.49
10861,0.25,0.91,0.26,0.06,1.71,-0.98
10874,0.25,0.91,0.26,0.00,1.28,-0.92
10886,0.25,0.91,0.25,0.06,1.16,-1.04
10900,0.25,0.92,0.25,0.00,1.10,-1.34
10913,0.24,0.92,0.25,0.31,0.61,-1.34
10927,0.25,0.91,0.25,0.67,0.49,-1.10
10941,0.25,0.91,0.25,0.73,1.10,-0.73
10954,0.25,0.91,0.26,0.61,2.01,-0.18
10969,0.26,0.91,0.26,0.67,2.62,0.06
10982,0.27,0.91,0.25,0.06,2.87,0.24
10996,0.27,0.91,0.25,0.37,1.89,0.06
11009,0.27,0.91,0.25,0.18,1.16,-0.06
11023,0.26,0.92,0.26,-0.06,0.73,0.18
11037,0.26,0.92,0.25,0.00,1.10,0.73
11049,0.26,0.92,0.25,-0.06,2.14,0.85
11062,0.27,0.92,0.25,-0.55,2.44,0.79
11075,0.26,0.92,0.25,-0.55,1.83,0.61
11088,0.26,0.92,0.25,-0.49,0.55,0.00
11101,0.26,0.91,0.25,-0.73,0.37,0.06
11114,0.26,0.92,0.25,-1.04,0.49,0.06
11127,0.26,0.92,0.24,-1.04,1.16,0.18
11141,0.25,0.92,0.25,-1.40,3.05,0.73
11154,0.25,0.92,0.25,-1.53,3.97,1.10
11167,0.27,0.93,0.25,-1.28,5.37,1.65
11181,0.27,0.93,0.25,-1.65,5.25,1.77
11195,0.27,0.94,0.24,-1.34,4.58,1.46
11208,0.27,0.94,0.23,-1.22,2.69,0.85
11220,0.26,0.94,0.23,-0.67,1.59,0.37
11232,0.25,0.94,0.23,0.06,0.18,-0.55
11244,0.24,0.93,0.23,0.79,-0.37,-0.92
11257,0.24,0.93,0.23,0.79,-0.12,-1.10
11269,0.24,0.92,0.23,1.34,0.24,-1.04
11281,0.24,0.92,0.23,1.34,0.98,-0.92
11294,0.25,0.92,0.24,1.16,2.99,-0.31
11306,0.25,0.92,0.24,0.79,3.66,-0.06
11319,0.27,0.92,0.24,0.98,4.03,0.00
11331,0.27,0.92,0.25,0.79,3.54,-0.12
11343,0.27,0.92,0.25,0.49,2.01,-0.24
11354,0.27,0.92,0.24,0.00,1.53,-0.18
11368,0.26,0.92,0.24,-0.06,0.98,-0.24
11383,0.26,0.92,0.24,-0.24,0.18,-0.24
11398,0.26,0.92,0.24,0.18,-0.37,-0.12
11413,0.26,0.92,0.23,-0.06,-0.85,-0.24
11428,0.25,0.92,0.22,-0.12,-0.37,0.12
11443,0.25,0.92,0.22,0.31,1.16,0.24
11457,0.26,0.93,0.22,0.43,1.71,0.18
11470,0.26,0.93,0.22,1.40,2.01,0.06
11483,0.26,0.93,0.22,1.59,1.77,-0.18
11495,0.26,0.93,0.23,2.56,0.79,-0.31
11507,0.26,0.93,0.23,2.50,0.61,-0.06
11520,0.26,0.93,0.23,2.99,1.16,0.55
11531,0.26,0.93,0.23,2.69,1.53,0.98
11544,0.27,0.93,0.23,2.69,1.46,1.22
11557,0.26,0.93,0.23,2.26,0.98,1.34
11569,0.26,0.93,0.23,2.38,-0.18,0.92
11582,0.26,0.93,0.23,2.62,-0.85,0.79
11596,0.25,0.92,0.24,2.81,-1.28,0.73
11610,0.24,0.93,0.24,2.56,-0.85,0.85
11624,0.25,0.93,0.24,2.50,0.00,1.10
11638,0.24,0.93,0.24,1.95,0.85,1.16
11651,0.25,0.93,0.24,1.65,1.04,1.22
11664,0.25,0.94,0.23,1.04,0.92,1.16
11677,0.25,0.93,0.23,0.98,0.73,0.85
11689,0.25,0.93,0.23,0.85,-0.67,-0.31
11701,0.25,0.94,0.23,1.10,-0.98,-0.61
11713,0.24,0.94,0.23,1.46,-0.55,-0.73
11726,0.24,0.94,0.23,1.40,0.12,-0.67
11738,0.25,0.94,0.23,1.34,1.16,-0.67
11750,0.25,0.93,0.23,1.34,1.59,-0.73
11761,0.26,0.93,0.23,0.98,1.59,-0.73
11773,0.26,0.93,0.24,1.04,0.49,-1.04
11785,0.26,0.93,0.24,0.67,0.24,-1.04
11797,0.26,0.92,0.24,0.73,0.24,-0.67
11809,0.27,0.93,0.24,0.49,0.37,-0.43
11822,0.27,0.93,0.24,0.43,0.12,-0.43
11834,0.27,0.93,0.24,0.12,-0.24,-0.12
11847,0.27,0.92,0.24,0.24,-0.24,0.06
11859,0.26,0.92,0.24,-0.37,0.24,1.04
11870,0.26,0.91,0.24,-0.55,0.79,1.34
11882,0.27,0.92,0.24,-1.53,1.34,2.20
11894,0.27,0.92,0.24,-1.71,0.73,2.14
11907,0.27,0.92,0.24,-1.71,-1.28,1.71
11919,0.25,0.91,0.23,-1.59,-2.26,1.46
11933,0.25,0.91,0.23,-1.16,-3.30,1.22
11948,0.25,0.92,0.23,-0.43,-3.78,0.73
11962,0.23,0.92,0.23,0.18,-2.62,0.92
11976,0.23,0.92,0.24,0.43,1.28,1.89
11990,0.23,0.93,0.23,0.18,3.54,2.14
12003,0.25,0.94,0.22,0.43,6.59,2.20
12017,0.26,0.94,0.21,0.61,5.62,0.79
12031,0.26,0.95,0.22,0.85,4.64,0.24
12045,0.26,0.95,0.23,1.34,2.81,-0.43
12058,0.26,0.95,0.23,1.34,2.44,-0.31
12071,0.26,0.94,0.23,1.83,0.98,0.06
12085,0.26,0.94,0.23,1.22,-0.31,0.24
12100,0.25,0.94,0.23,1.53,-1.04,0.43
12114,0.24,0.94,0.23,0.85,-2.38,0.85
12128,0.23,0.93,0.23,0.79,-0.79,1.53
12143,0.23,0.94,0.23,0.24,0.61,1.77
12155,0.24,0.94,0.24,-0.12,2.87,1.65
12170,0.24,0.94,0.24,0.24,2.93,0.85
12184,0.25,0.94,0.23,0.12,2.50,0.24
12197,0.25,0.93,0.24,0.12,1.16,-1.22
12211,0.25,0.93,0.24,-0.24,0.92,-1.28
12224,0.25,0.92,0.24,-0.18,0.92,-1.16
12237,0.26,0.92,0.24,-1.22,1.65,-0.24
12250,0.26,0.91,0.25,-1.22,2.32,0.24
12264,0.26,0.91,0.25,-2.26,2.01,1.22
12278,0.27,0.91,0.25,-2.44,1.59,1.28
12293,0.27,0.92,0.25,-2.99,0.61,1.59
12307,0.26,0.92,0.23,-3.05,0.31,1.89
12321,0.26,0.92,0.22,-2.93,1.40,1.65
12336,0.25,0.93,0.20,-3.23,2.32,1.46
12350,0.25,0.95,0.18,-2.99,3.30,0.92
12362,0.25,0.96,0.17,-2.75,3.23,0.24
12374,0.24,0.96,0.17,-0.37,2.87,-0.67
12386,0.24,0.95,0.17,0.55,2.93,-0.49
12399,0.24,0.95,0.18,2.26,3.60,-0.61
12411,0.24,0.95,0.18,2.81,4.33,-0.43
12424,0.25,0.95,0.19,4.15,5.19,0.06
12436,0.25,0.95,0.19,3.97,5.13,0.24
12448,0.25,0.95,0.20,5.00,4.39,0.12
12461,0.25,0.95,0.20,4.82,3.91,0.43
12474,0.26,0.95,0.19,5.37,3.23,0.67
12487,0.26,0.96,0.19,4.94,2.56,1.10
12500,0.26,0.96,0.19,5.25,0.79,1.34
12514,0.26,0.96,0.18,5.31,-0.24,1.53
12528,0.25,0.96,0.17,6.77,-1.83,1.89
12543,0.24,0.95,0.16,7.75,-2.20,2.08
12557,0.24,0.95,0.15,8.48,-2.50,1.83
12571,0.24,0.96,0.13,10.07,-3.42,1.40
12585,0.23,0.98,0.09,12.94,-4.64,0.55
12599,0.23,0.98,0.07,15.32,-6.35,-0.24
12614,0.23,1.02,0.00,21.42,-12.94,-2.69
12628,0.22,1.02,-0.03,30.58,-21.67,-4.52
12643,0.22,1.00,-0.07,41.26,-29.24,-5.68
12658,0.20,0.99,-0.08,46.51,-33.20,-6.16
12673,0.19,0.98,-0.13,58.17,-42.66,-7.57
12685,0.16,0.97,-0.19,71.17,-56.40,-8.54
12698,0.12,0.94,-0.22,79.10,-64.33,-9.40
12713,0.07,0.89,-0.23,96.74,-78.67,-10.62
12727,0.03,0.87,-0.23,116.82,-91.25,-11.35
12740,-0.02,0.84,-0.25,127.26,-95.15,-11.66
12754,-0.05,0.78,-0.26,150.70,-100.89,-13.24
12767,-0.08,0.73,-0.27,163.33,-104.25,-13.92
12780,-0.15,0.64,-0.30,190.43,-109.74,-17.27
12795,-0.19,0.60,-0.34,221.13,-117.86,-20.45
12809,-0.22,0.52,-0.42,237.24,-122.38,-24.54
12824,-0.24,0.39,-0.37,270.81,-128.85,-29.11
12839,-0.27,0.19,-0.16,301.64,-124.94,-30.76
12854,-0.31,0.07,0.02,327.03,-106.75,-26.06
12869,-0.28,-0.21,0.12,336.18,-92.35,-23.44
12884,-0.20,-0.43,0.27,340.70,-55.73,-9.22
12899,-0.12,-0.65,0.54,334.05,-14.95,-1.16
12915,-0.16,-1.03,1.06,304.26,17.82,9.46
12930,-0.02,-1.18,1.35,262.76,32.59,26.37
12945,0.15,-1.27,1.68,237.67,37.84,36.01
12958,0.34,-1.16,1.72,187.68,30.82,37.11
12972,0.52,-0.97,1.82,151.25,-19.71,17.09
12986,0.23,-0.84,1.80,136.35,-50.54,-5.25
13001,0.04,-0.83,1.77,118.29,-80.44,-7.93
13016,-0.11,-0.79,1.64,91.61,-74.28,-14.40
13031,-0.11,-0.74,1.55,62.99,-53.41,-26.79
13047,-0.06,-0.60,1.44,49.56,-46.33,-28.63
13062,-0.01,-0.51,1.38,35.46,-37.11,-23.19
13078,-0.00,-0.43,1.29,28.50,-36.44,-16.30
13093,-0.05,-0.36,1.23,22.83,-24.72,-7.81
13108,-0.02,-0.35,1.19,20.63,-14.95,-0.06
13123,-0.01,-0.38,1.19,19.23,-13.06,2.81
13138,0.01,-0.40,1.15,15.26,-3.54,7.51
13153,0.03,-0.37,1.13,10.86,-1.10,11.41
13168,0.01,-0.38,1.10,9.52,-3.66,15.32
13183,-0.02,-0.38,1.07,9.16,-4.03,19.47
13198,-0.04,-0.38,1.03,11.11,-2.75,22.16
13213,-0.11,-0.36,1.00,8.79,2.50,16.24
13227,-0.12,-0.38,0.99,9.52,9.52,14.34
13242,-0.13,-0.39,0.97,6.53,14.65,11.84
13256,-0.11,-0.39,0.96,5.07,17.03,7.02
13271,-0.08,-0.36,0.95,1.46,20.20,4.82
13285,-0.01,-0.35,0.92,-0.67,10.50,0.98
13300,-0.01,-0.34,0.92,-1.83,3.48,-0.85
13316,-0.05,-0.32,0.92,-2.01,-1.71,-2.75
13331,-0.02,-0.33,0.92,1.46,-4.52,-1.04
13347,-0.03,-0.33,0.93,2.75,-7.14,-0.85
13362,-0.02,-0.34,0.91,1.59,-7.39,-3.72
13377,-0.02,-0.33,0.91,-0.06,-8.06,-2.93
13393,-0.03,-0.34,0.91,-0.98,-7.93,-1.34
13408,-0.04,-0.32,0.90,-2.44,-5.62,2.32
13424,-0.04,-0.32,0.91,-3.72,-1.28,5.19
13439,-0.05,-0.32,0.90,-3.42,-1.10,4.88
13454,-0.04,-0.31,0.89,-2.38,-4.33,2.44
13468,-0.06,-0.32,0.88,-1.95,-6.71,1.65
13480,-0.09,-0.32,0.87,-0.98,-9.52,2.56
13494,-0.10,-0.32,0.87,-0.92,-8.48,3.85
13507,-0.10,-0.34,0.88,-1.59,-4.82,4.21
13519,-0.10,-0.35,0.89,-2.69,-3.48,4.33
13533,-0.08,-0.35,0.90,-3.17,-1.28,4.76
13546,-0.06,-0.35,0.90,-3.42,-3.23,4.03
13559,-0.05,-0.33,0.90,-2.81,-4.46,3.11
13571,-0.06,-0.32,0.90,-1.65,-8.12,0.67
13584,-0.09,-0.32,0.91,-0.67,-8.73,0.06
13598,-0.10,-0.33,0.91,-0.79,-6.16,0.24
13611,-0.11,-0.32,0.91,-0.92,-4.15,0.79
13625,-0.08,-0.31,0.91,-1.77,1.34,2.20
13638,-0.07,-0.30,0.91,-1.71,2.69,2.38
13650,-0.05,-0.29,0.91,-0.98,2.01,1.46
13664,-0.05,-0.29,0.91,0.12,0.49,0.37
13677,-0.07,-0.30,0.91,1.83,-3.78,0.00
13690,-0.08,-0.31,0.91,2.69,-5.13,0.06
13703,-0.10,-0.31,0.90,2.69,-4.76,0.37
13716,-0.11,-0.32,0.91,2.26,-1.65,1.04
13730,-0.12,-0.33,0.91,1.77,0.85,1.16
13743,-0.10,-0.33,0.92,1.34,5.19,1.71
13755,-0.09,-0.32,0.92,1.40,6.10,2.01
13768,-0.06,-0.32,0.93,1.83,5.25,1.22
13782,-0.05,-0.32,0.93,2.32,3.72,0.12
13795,-0.05,-0.31,0.94,2.81,0.73,-0.24
13807,-0.05,-0.31,0.94,2.99,-0.73,-0.18
13820,-0.07,-0.31,0.94,2.32,-1.34,0.12
13832,-0.07,-0.31,0.94,2.26,-1.46,0.73
13844,-0.08,-0.32,0.93,1.34,-0.79,1.83
13857,-0.09,-0.32,0.92,1.16,-0.67,1.89
13870,-0.09,-0.32,0.91,1.16,0.24,1.65
13883,-0.09,-0.32,0.91,1.46,0.67,1.22
13896,-0.10,-0.33,0.91,1.46,1.89,-0.37
13909,-0.09,-0.33,0.91,2.08,3.36,-1.46
13922,-0.09,-0.33,0.91,2.26,3.72,-1.89
13934,-0.08,-0.33,0.91,2.50,4.15,-2.14
13947,-0.06,-0.33,0.92,1.95,3.97,-1.95
13960,-0.06,-0.33,0.92,1.46,3.30,-1.65
13972,-0.05,-0.31,0.92,1.16,2.50,-1.34
13987,-0.06,-0.32,0.92,1.53,0.85,-1.59
14000,-0.06,-0.32,0.92,1.34,0.55,-1.59
14013,-0.07,-0.32,0.92,1.46,0.92,-0.79
14028,-0.06,-0.32,0.92,1.04,1.34,-0.18
14043,-0.06,-0.31,0.92,1.10,1.28,0.24
14057,-0.06,-0.31,0.92,1.16,1.34,0.92
14069,-0.06,-0.31,0.92,0.73,1.10,1.95
14082,-0.07,-0.32,0.92,1.16,0.43,2.08
14095,-0.07,-0.32,0.92,1.10,-0.49,2.14
14107,-0.07,-0.33,0.91,1.71,-0.73,2.08
14121,-0.08,-0.33,0.92,1.16,-0.24,2.14
14135,-0.08,-0.34,0.92,1.16,0.18,1.95
14146,-0.08,-0.34,0.92,0.18,1.04,1.77
14161,-0.07,-0.33,0.93,0.24,1.22,1.46
14176,-0.06,-0.33,0.93,-0.31,0.79,1.16
14190,-0.07,-0.33,0.92,-0.55,-0.06,0.67
14205,-0.07,-0.32,0.92,-0.12,-0.61,0.31
14220,-0.07,-0.31,0.91,-0.06,-0.67,0.24
14235,-0.07,-0.31,0.90,0.79,-0.12,-0.55
14250,-0.07,-0.31,0.91,0.98,1.22,-0.92
14265,-0.07,-0.31,0.91,1.71,2.50,-0.73
14280,-0.06,-0.31,0.91,1.71,3.23,-0.55
14295,-0.05,-0.31,0.92,0.92,5.13,0.24
14310,-0.03,-0.30,0.91,0.73,5.25,0.67
14324,-0.03,-0.30,0.91,0.73,3.48,0.85
14338,-0.03,-0.30,0.91,1.34,2.01,1.04
14352,-0.04,-0.30,0.91,1.53,-0.31,1.16
14367,-0.05,-0.30,0.91,1.89,-1.22,1.71
14382,-0.05,-0.31,0.91,2.44,-1.16,2.01
14397,-0.06,-0.31,0.90,2.20,-0.49,2.26
14412,-0.07,-0.31,0.90,2.38,0.49,1.95
14425,-0.07,-0.31,0.91,2.62,0.85,1.40
14439,-0.07,-0.32,0.91,3.11,0.98,1.22
14453,-0.07,-0.33,0.91,3.42,1.16,0.43
14467,-0.07,-0.34,0.91,3.60,1.22,-0.24
14481,-0.06,-0.33,0.91,3.42,1.10,-0.67
14495,-0.06,-0.33,0.91,3.78,1.10,-1.59
14509,-0.06,-0.32,0.91,3.91,2.01,-2.20
14522,-0.06,-0.32,0.91,4.70,2.26,-2.20
14536,-0.05,-0.32,0.91,5.49,3.60,-2.38
14551,-0.05,-0.32,0.91,4.64,4.70,-2.62
14566,-0.04,-0.32,0.91,4.52,5.00,-2.50
14581,-0.04,-0.32,0.91,3.78,4.21,-2.75
14596,-0.03,-0.31,0.91,3.42,3.36,-1.95
14611,-0.03,-0.31,0.92,2.50,2.01,-1.10
14625,-0.02,-0.31,0.91,2.14,1.16,-0.49
14640,-0.02,-0.31,0.91,1.89,-1.40,0.24
14653,-0.03,-0.31,0.91,1.65,-3.91,0.55
14667,-0.04,-0.32,0.92,1.46,-4.58,0.55
14679,-0.07,-0.33,0.92,1.46,-4.88,1.16
14693,-0.07,-0.34,0.92,1.28,-4.33,1.71
14706,-0.07,-0.33,0.91,-0.06,-3.42,2.26
14718,-0.07,-0.33,0.91,0.12,-2.93,2.20
14731,-0.07,-0.32,0.91,0.24,-3.42,1.53
14745,-0.08,-0.32,0.91,0.85,-3.66,0.67
14756,-0.08,-0.33,0.92,1.53,-2.93,0.24
14770,-0.08,-0.33,0.93,1.46,-1.89,-0.06
14783,-0.07,-0.33,0.93,0.92,-1.46,-1.22
14796,-0.07,-0.33,0.93,0.43,0.24,-0.92
14809,-0.06,-0.32,0.92,0.67,0.67,-1.34
14821,-0.06,-0.32,0.93,0.98,0.55,-1.59
14834,-0.06,-0.32,0.93,0.98,0.12,-1.46
14846,-0.05,-0.32,0.93,0.79,0.49,-1.34
14858,-0.04,-0.31,0.92,0.43,0.67,-1.46
14871,-0.05,-0.31,0.92,0.49,0.61,-1.53
14883,-0.05,-0.31,0.92,0.67,-0.06,-1.53
14895,-0.05,-0.31,0.92,0.73,-0.24,-1.34
14908,-0.05,-0.31,0.92,1.10,-0.55,-1.16
14920,-0.05,-0.31,0.92,1.28,-0.61,-0.85
14933,-0.05,-0.31,0.92,1.22,-0.37,-0.24
14945,-0.05,-0.32,0.92,0.85,-0.18,-0.06
14958,-0.04,-0.32,0.92,0.37,-0.18,0.55
14971,-0.04,-0.32,0.92,0.31,-0.73,0.73
14985,-0.05,-0.33,0.92,0.49,-1.59,1.04
14998,-0.05,-0.33,0.92,0.12,-1.34,1.46
15013,-0.04,-0.32,0.91,-0.92,-1.16,1.83
15029,-0.04,-0.32,0.90,-1.34,-1.53,1.89
15044,-0.04,-0.31,0.90,-1.04,-4.27,0.73
15059,-0.04,-0.31,0.89,0.61,-5.92,1.16
15074,-0.05,-0.31,0.88,0.73,-5.55,1.53
15089,-0.06,-0.31,0.88,1.59,-5.25,2.01
15103,-0.07,-0.32,0.90,1.77,-3.91,2.99
15118,-0.07,-0.32,0.90,1.59,-2.01,4.21
15133,-0.06,-0.32,0.91,1.22,-1.71,4.58
15148,-0.06,-0.32,0.92,1.46,-0.98,5.55
15163,-0.06,-0.32,0.92,2.38,-1.46,5.25
15178,-0.07,-0.33,0.93,2.56,-2.75,5.00
15193,-0.07,-0.33,0.94,2.93,-3.23,5.07
15207,-0.08,-0.34,0.94,1.95,-3.48,4.76
15222,-0.08,-0.34,0.94,1.28,-4.21,3.60
15235,-0.09,-0.34,0.94,1.04,-4.03,3.42
15248,-0.08,-0.34,0.94,0.37,-2.56,3.42
15261,-0.08,-0.34,0.93,-0.43,-1.40,3.17
15274,-0.08,-0.33,0.93,-0.92,-0.73,3.17
15289,-0.08,-0.33,0.93,-0.79,0.49,2.93
15303,-0.07,-0.32,0.92,-1.04,1.34,2.69
15318,-0.07,-0.31,0.93,-0.79,1.77,2.62
15333,-0.06,-0.31,0.91,-0.43,2.20,2.44
15348,-0.07,-0.31,0.91,-0.12,1.89,2.14
15363,-0.07,-0.31,0.91,-0.06,2.38,1.65
15378,-0.07,-0.30,0.91,-0.37,2.81,1.46
15393,-0.06,-0.30,0.92,0.00,3.66,1.53
15407,-0.06,-0.30,0.92,0.00,2.50,1.65
15422,-0.06,-0.30,0.91,0.92,0.67,1.59
15437,-0.06,-0.30,0.92,1.10,-0.31,1.40
15452,-0.07,-0.31,0.92,1.34,-1.34,1.34
15466,-0.07,-0.31,0.92,1.46,-1.46,1.04
15481,-0.08,-0.31,0.92,1.16,-1.89,0.92
15496,-0.09,-0.31,0.92,1.10,-1.65,0.98
15510,-0.09,-0.32,0.92,0.61,-0.85,0.67
15525,-0.08,-0.32,0.92,0.43,-0.06,0.37
15539,-0.08,-0.31,0.92,0.49,0.43,-0.18
15553,-0.08,-0.31,0.92,-0.18,0.37,-0.55
15568,-0.06,-0.31,0.91,-0.18,-0.18,-1.04
15584,-0.06,-0.30,0.91,-0.31,-1.53,-1.10
15600,-0.06,-0.30,0.91,-0.12,-2.14,-0.85
15615,-0.06,-0.30,0.91,0.00,-2.20,-0.31
15631,-0.07,-0.30,0.91,0.00,-1.65,-0.24
15645,-0.07,-0.31,0.92,0.18,-0.85,0.18
15659,-0.07,-0.31,0.91,0.00,-0.67,0.24
15673,-0.06,-0.31,0.92,0.31,-0.73,0.12
15687,-0.07,-0.31,0.92,0.73,-1.46,-0.18
15702,-0.07,-0.31,0.92,0.92,-2.08,-0.73
15718,-0.07,-0.32,0.92,1.10,-1.71,-1.28
15733,-0.07,-0.31,0.93,0.67,-1.22,-1.53
15748,-0.07,-0.31,0.92,0.55,0.06,-1.53
15763,-0.07,-0.32,0.93,0.24,0.85,-1.04
15777,-0.06,-0.32,0.93,0.12,1.46,-0.43
15789,-0.06,-0.31,0.93,0.12,1.77,-0.24
15803,-0.06,-0.31,0.93,0.18,2.14,0.24
15817,-0.06,-0.32,0.93,0.43,2.01,0.18
15832,-0.06,-0.31,0.92,0.55,0.92,0.06
15847,-0.06,-0.31,0.92,0.92,-0.61,-0.49
15862,-0.07,-0.31,0.92,1.04,-1.34,-1.10
15876,-0.08,-0.30,0.91,1.46,-1.16,-0.98
15891,-0.07,-0.30,0.92,1.77,0.12,-0.67
15905,-0.07,-0.30,0.92,1.71,1.83,-0.24
15920,-0.06,-0.29,0.92,1.83,2.75,-0.43
15935,-0.05,-0.29,0.92,1.89,2.44,-0.55
15950,-0.06,-0.29,0.92,2.32,1.65,-1.16
15965,-0.06,-0.30,0.93,2.38,1.16,-1.40
15980,-0.06,-0.30,0.92,1.65,1.65,-0.98
15993,-0.06,-0.30,0.92,1.71,1.53,-0.92
16007,-0.05,-0.30,0.93,0.92,0.98,-0.37
16021,-0.05,-0.30,0.92,0.79,-0.06,-0.06
16036,-0.06,-0.30,0.91,0.67,-0.73,-0.06
16051,-0.07,-0.30,0.91,0.98,-1.89,-0.24
16066,-0.07,-0.31,0.90,1.83,-2.32,-0.92
16080,-0.08,-0.31,0.90,1.89,-1.46,-1.28
16093,-0.08,-0.31,0.91,2.14,-0.61,-1.53
16107,-0.07,-0.31,0.92,1.83,1.89,-1.22
16122,-0.06,-0.31,0.92,2.08,2.81,-1.40
16136,-0.05,-0.31,0.92,2.50,2.87,-1.59
16151,-0.05,-0.31,0.92,3.23,1.34,-1.77
16166,-0.05,-0.31,0.92,3.60,0.00,-2.32
16181,-0.06,-0.31,0.92,3.17,0.06,-2.32
16196,-0.06,-0.31,0.93,3.11,0.92,-2.01
16210,-0.05,-0.32,0.94,2.32,2.32,-1.04
16225,-0.05,-0.32,0.93,1.53,1.95,-0.12
16240,-0.05,-0.32,0.92,1.22,1.40,0.37
16254,-0.05,-0.32,0.92,0.73,0.18,0.31
16268,-0.06,-0.32,0.92,0.67,-0.92,0.43
16283,-0.06,-0.31,0.92,0.43,-1.04,0.73
16298,-0.06,-0.31,0.91,0.92,-0.79,0.79
16312,-0.06,-0.31,0.91,0.98,-0.67,0.92
16326,-0.06,-0.31,0.91,1.59,-0.98,0.55
16340,-0.06,-0.31,0.91,1.89,-1.10,0.61
16353,-0.06,-0.31,0.92,1.53,0.61,0.92
16367,-0.05,-0.31,0.92,1.46,1.40,1.22
16381,-0.05,-0.30,0.92,1.34,1.10,1.22
16396,-0.05,-0.30,0.92,2.14,-0.79,0.98
16410,-0.06,-0.30,0.92,2.69,-1.83,1.04
16425,-0.07,-0.31,0.92,2.75,-1.65,1.04
16439,-0.07,-0.31,0.93,2.32,-0.61,0.98
16452,-0.07,-0.31,0.93,1.77,0.43,0.73
16465,-0.07,-0.31,0.93,1.77,0.55,0.43
16478,-0.07,-0.31,0.92,1.77,0.79,0.37
16490,-0.07,-0.31,0.92,1.89,0.92,0.12
16503,-0.07,-0.31,0.92,1.83,0.79,-0.24
16516,-0.07,-0.31,0.92,1.83,0.61,-0.24
16530,-0.07,-0.31,0.93,1.95,0.24,-0.31
16543,-0.07,-0.31,0.93,1.83,0.37,-0.31
16557,-0.06,-0.31,0.93,1.46,0.06,0.24
16571,-0.06,-0.30,0.92,1.22,-0.43,-0.55
16587,-0.06,-0.30,0.92,0.92,-1.46,-1.22
16602,-0.06,-0.30,0.93,1.22,-1.65,-1.40
16618,-0.06,-0.30,0.93,0.49,-1.22,-1.28
16633,-0.05,-0.31,0.93,-0.24,-0.55,-0.79
16649,-0.05,-0.30,0.92,-0.49,-0.55,-0.24
16665,-0.06,-0.31,0.91,-0.37,-1.16,0.12
16680,-0.07,-0.31,0.91,0.06,-1.22,0.49
16694,-0.07,-0.31,0.91,0.00,-1.10,0.18
16708,-0.06,-0.31,0.91,-0.06,-0.67,0.06
16723,-0.06,-0.31,0.92,-0.12,-0.73,-0.67
16738,-0.06,-0.32,0.92,-0.49,-0.98,-0.67
16754,-0.06,-0.31,0.91,-0.49,-1.10,-0.49
16770,-0.06,-0.31,0.91,-0.49,-0.61,0.06
16785,-0.06,-0.30,0.91,-0.61,0.00,0.37
16800,-0.06,-0.30,0.92,0.43,0.06,0.49
16815,-0.06,-0.30,0.92,0.73,-0.12,0.43
16830,-0.06,-0.30,0.92,1.40,-0.06,0.55
16844,-0.05,-0.30,0.92,1.71,-0.24,0.67
16858,-0.06,-0.31,0.93,1.16,0.37,0.92
16872,-0.06,-0.30,0.93,1.04,0.61,0.79
16887,-0.06,-0.30,0.93,0.79,0.92,1.10
16902,-0.07,-0.30,0.93,1.10,0.98,1.22
16916,-0.07,-0.30,0.92,1.22,0.92,1.16
16931,-0.07,-0.30,0.92,1.10,0.98,0.92
16945,-0.07,-0.30,0.92,0.92,0.49,0.55
16958,-0.07,-0.30,0.92,0.85,0.55,0.67
16970,-0.06,-0.30,0.92,0.73,0.18,0.12
16981,-0.06,-0.30,0.92,0.67,0.18,0.24
16996,-0.07,-0.29,0.92,0.49,-2.08,-0.92
17011,-0.07,-0.29,0.92,0.98,-0.18,0.00
17025,-0.06,-0.30,0.91,1.34,0.31,-0.24
17039,-0.07,-0.29,0.91,1.22,-0.12,0.00
17053,-0.07,-0.30,0.92,1.53,0.12,-0.12
17068,-0.07,-0.30,0.93,1.89,0.49,-0.49
17081,-0.06,-0.30,0.92,1.95,1.10,-0.49
17095,-0.06,-0.31,0.92,1.46,1.34,-0.85
17108,-0.05,-0.31,0.93,1.22,1.16,-0.79
17121,-0.05,-0.31,0.93,1.22,0.31,-0.85
17136,-0.05,-0.30,0.93,0.85,-0.37,-0.55
17151,-0.06,-0.30,0.93,1.04,-0.37,-0.49
17164,-0.06,-0.30,0.92,0.61,-0.12,-0.12
17177,-0.05,-0.30,0.92,0.79,0.18,0.06
17190,-0.06,-0.30,0.92,0.73,0.06,0.24
17205,-0.05,-0.30,0.92,0.85,0.37,0.37
17219,-0.05,-0.30,0.93,0.73,0.12,0.24
17234,-0.06,-0.31,0.93,0.85,0.24,0.61
17249,-0.06,-0.30,0.93,0.67,0.24,1.10
17264,-0.09,-0.30,0.92,0.37,-0.31,1.28
17278,-0.06,-0.30,0.92,0.61,-0.49,0.85
17293,-0.06,-0.30,0.92,0.55,-1.22,0.37
17308,-0.07,-0.30,0.92,0.55,-0.85,0.24
17323,-0.07,-0.30,0.92,0.55,0.55,0.55
17337,-0.06,-0.30,0.92,0.24,1.22,0.73
17352,-0.06,-0.29,0.91,0.98,1.16,0.79
17367,-0.06,-0.29,0.91,1.59,0.37,0.37
17382,-0.07,-0.30,0.92,2.20,-0.12,-0.31
17397,-0.07,-0.31,0.92,2.50,0.00,-0.55
17412,-0.07,-0.31,0.92,2.08,0.43,-0.85
17426,-0.07,-0.30,0.92,2.38,0.61,-0.92
17441,-0.06,-0.31,0.92,2.20,0.00,-1.34
17455,-0.06,-0.30,0.92,2.38,-0.43,-1.40
17470,-0.05,-0.29,0.91,2.75,-1.53,-1.71
17485,-0.06,-0.30,0.92,3.42,-2.44,-1.83
17501,-0.06,-0.30,0.92,3.91,-1.95,-1.89
17516,-0.06,-0.30,0.92,3.72,-0.79,-1.71
17531,-0.06,-0.30,0.92,4.58,-0.06,-1.71
17546,-0.06,-0.30,0.92,4.46,1.10,-1.89
17560,-0.05,-0.29,0.93,4.64,1.71,-2.20
17575,-0.05,-0.29,0.93,5.31,1.53,-2.56
17590,-0.05,-0.30,0.94,5.07,1.04,-2.56
17605,-0.05,-0.31,0.94,4.94,0.43,-1.89
17620,-0.05,-0.32,0.94,4.21,0.00,-1.04
17635,-0.05,-0.32,0.94,2.69,-0.43,-0.24
17651,-0.06,-0.32,0.94,2.32,-0.43,0.37
17666,-0.06,-0.32,0.94,1.16,0.24,0.37
17681,-0.06,-0.31,0.93,0.73,0.31,0.43
17696,-0.06,-0.31,0.92,0.61,-0.67,0.12
17711,-0.06,-0.31,0.92,0.49,-0.79,-0.06
17726,-0.06,-0.31,0.92,0.37,-0.37,0.06
17740,-0.06,-0.30,0.92,0.31,0.67,0.18
17754,-0.05,-0.30,0.92,0.43,0.92,0.18
17768,-0.05,-0.30,0.92,0.37,0.61,0.18
17782,-0.06,-0.30,0.92,0.92,-0.55,0.24
17797,-0.06,-0.31,0.92,1.16,-1.10,0.12
17812,-0.06,-0.31,0.92,0.92,-1.04,0.24
17826,-0.06,-0.31,0.92,0.92,-0.85,0.24
17841,-0.07,-0.31,0.92,0.85,-0.24,0.61
17856,-0.07,-0.31,0.91,0.73,0.06,0.43
17870,-0.06,-0.31,0.91,0.49,-0.06,0.31
17884,-0.06,-0.31,0.91,1.10,-0.92,-0.43
17899,-0.07,-0.30,0.91,1.16,-1.04,-0.43
17914,-0.07,-0.31,0.91,1.16,-0.06,0.18
17928,-0.06,-0.31,0.91,1.22,0.24,0.12
17942,-0.06,-0.30,0.90,1.53,0.00,0.24
17957,-0.06,-0.30,0.91,2.44,-1.16,-0.18
17971,-0.06,-0.30,0.91,2.69,-1.83,-0.55
17986,-0.07,-0.30,0.92,3.72,-1.71,-0.61
18001,-0.07,-0.31,0.91,3.60,-0.18,0.00
18016,-0.06,-0.31,0.92,3.66,0.43,0.49
18030,-0.06,-0.31,0.92,3.97,0.00,0.49
18044,-0.07,-0.31,0.93,4.27,-0.67,0.61
18058,-0.07,-0.31,0.93,4.58,0.06,0.92
18072,-0.07,-0.32,0.93,4.27,0.24,0.79
18087,-0.07,-0.32,0.93,3.91,0.49,0.85
18101,-0.07,-0.32,0.93,3.60,-0.31,0.67
18116,-0.06,-0.32,0.93,3.36,-0.31,0.31
18131,-0.08,-0.32,0.93,3.60,-0.18,0.18
18146,-0.07,-0.31,0.93,3.11,0.12,0.24
18160,-0.07,-0.32,0.93,3.11,0.98,0.12
18175,-0.07,-0.32,0.93,2.69,1.46,-0.12
18186,-0.06,-0.31,0.92,2.26,1.16,0.06
18199,-0.06,-0.31,0.92,1.89,1.04,0.12
18211,-0.06,-0.29,0.91,1.77,0.73,0.18
18223,-0.06,-0.29,0.92,1.34,0.85,0.43
18236,-0.06,-0.30,0.90,1.28,0.67,1.04
18250,-0.05,-0.29,0.91,1.22,0.61,1.40
18265,-0.07,-0.29,0.90,1.28,-0.06,2.01
18278,-0.05,-0.29,0.91,1.89,-0.73,2.50
18293,-0.06,-0.30,0.91,1.65,-4.09,2.38
18308,-0.07,-0.31,0.91,2.14,-4.39,2.32
18323,-0.08,-0.33,0.93,1.59,-3.97,1.71
18337,-0.08,-0.32,0.94,0.61,-4.21,1.10
18351,-0.08,-0.32,0.94,0.55,-4.33,0.85
18365,-0.08,-0.33,0.93,0.31,-4.21,-0.06
18378,-0.07,-0.32,0.93,0.24,-3.97,-0.98
18391,-0.06,-0.32,0.93,0.24,-4.03,-1.28
18404,-0.05,-0.32,0.93,0.06,-3.91,-1.83
18418,-0.06,-0.32,0.93,-0.37,-3.54,-1.77
18433,-0.06,-0.32,0.92,0.00,-2.14,-0.98
18449,-0.06,-0.31,0.92,0.12,-1.10,0.31
18464,-0.06,-0.31,0.92,1.10,-0.55,0.98
18479,-0.06,-0.31,0.92,1.77,-0.67,0.98
18493,-0.07,-0.32,0.92,2.81,-0.31,0.73
18508,-0.08,-0.33,0.93,2.75,0.43,0.18
18522,-0.08,-0.33,0.92,2.01,1.34,-0.31
18537,-0.08,-0.32,0.92,1.95,1.71,-0.49
18552,-0.08,-0.32,0.92,1.59,2.99,-0.67
18567,-0.06,-0.32,0.92,1.22,4.03,-0.79
18582,-0.04,-0.32,0.92,1.10,3.60,-1.65
18596,-0.03,-0.33,0.92,0.55,2.44,-1.77
18611,-0.04,-0.34,0.92,0.61,-0.24,-2.08
18624,-0.04,-0.34,0.92,-0.61,-2.38,-2.26
18637,-0.06,-0.34,0.92,-0.98,-3.36,-2.62
18651,-0.05,-0.33,0.91,-2.01,-1.65,-1.71
18664,-0.05,-0.34,0.90,-2.50,-0.43,-0.92
18678,-0.05,-0.31,0.90,-3.30,0.37,-1.40
18691,-0.04,-0.29,0.90,-2.69,-1.40,-1.71
18704,-0.06,-0.29,0.89,-2.01,-2.38,-2.01
18717,-0.06,-0.28,0.89,-0.92,-3.05,-2.20
18730,-0.06,-0.28,0.89,-0.49,-3.17,-2.32
18743,-0.06,-0.29,0.90,0.00,-2.56,-1.95
18756,-0.05,-0.29,0.90,0.31,-2.32,-1.83
18769,-0.07,-0.30,0.90,0.43,-2.08,-1.34
18784,-0.07,-0.30,0.91,0.31,-1.59,-0.61
18800,-0.07,-0.29,0.91,15.44,-2.08,-0.67
18815,-0.07,-0.29,0.91,0.43,-2.38,-0.92
18830,-0.08,-0.29,0.91,1.04,-3.78,-1.59
18844,-0.09,-0.29,0.91,1.59,-4.09,-2.01
18857,-0.10,-0.29,0.91,1.95,-3.85,-2.08
18872,-0.11,-0.29,0.92,2.01,-2.26,-1.83
18886,-0.10,-0.29,0.93,2.56,-0.06,-1.71
18900,-0.10,-0.30,0.93,2.81,0.55,-1.71
18913,-0.09,-0.30,0.93,3.23,0.61,-1.65
18928,-0.10,-0.30,0.94,3.23,0.06,-2.81
18942,-0.10,-0.30,0.94,3.36,-0.06,-3.11
18954,-0.11,-0.31,0.95,3.17,-0.37,-3.54
18969,-0.10,-0.31,0.94,2.32,0.24,-3.30
18982,-0.10,-0.31,0.94,2.08,0.73,-3.42
18995,-0.09,-0.31,0.94,0.98,0.43,-3.30
19007,-0.09,-0.31,0.93,0.85,0.00,-3.36
19021,-0.10,-0.32,0.92,0.18,-0.61,-3.78
19034,-0.11,-0.31,0.92,0.55,-0.85,-3.85
19047,-0.11,-0.31,0.92,0.12,-0.06,-4.27
19059,-0.12,-0.31,0.92,0.67,0.00,-4.76
19073,-0.11,-0.31,0.91,0.61,1.59,-4.94
19087,-0.11,-0.31,0.90,0.79,2.87,-5.43
19102,-0.10,-0.32,0.91,0.73,3.48,-5.80
19117,-0.09,-0.31,0.91,0.98,4.03,-6.16
19132,-0.09,-0.31,0.91,1.28,6.16,-5.37
19147,-0.05,-0.34,0.91,-1.65,8.42,-16.54
19161,-0.07,-0.30,0.92,-3.85,6.59,-17.46
19174,-0.08,-0.32,0.90,-0.67,9.52,-15.75
19187,-0.07,-0.33,0.89,1.40,13.98,-19.90
19200,-0.09,-0.30,0.91,0.00,8.06,-22.40
19212,-0.09,-0.31,0.91,1.65,7.81,-16.05
19225,-0.08,-0.31,0.91,1.95,5.43,-6.35
19238,-0.08,-0.31,0.91,1.89,4.27,-3.78
19250,-0.06,-0.31,0.92,1.28,3.97,-1.28
19263,-0.03,-0.30,0.92,1.46,4.70,-1.71
19276,-0.10,-0.38,0.88,35.64,5.43,-6.23
19288,-0.07,-0.36,0.90,13.37,5.92,-12.33
19302,-0.03,-0.35,0.91,-5.07,15.87,-21.55
19316,-0.01,-0.34,0.86,-7.20,25.94,-29.79
19330,0.01,-0.31,0.96,-15.01,34.67,-32.29
19342,-0.08,-0.30,0.91,-6.29,2.62,-33.75
19356,-0.02,-0.30,0.94,-2.26,8.12,-32.90
19369,0.01,-0.29,0.93,2.62,5.00,-21.24
19382,0.01,-0.27,0.91,2.38,-1.71,-14.95
19395,-0.06,-0.26,0.94,17.64,-3.30,5.00
19408,0.03,-0.28,0.93,24.72,-9.70,12.51
19421,-0.04,-0.34,0.90,22.46,-13.06,6.84
19436,-0.09,-0.35,0.92,9.77,-4.94,-1.40
19450,-0.14,-0.33,0.91,-15.63,-3.72,-13.43
19465,-0.26,-0.39,0.90,2.26,1.95,-23.32
19479,-0.09,-0.35,0.93,-0.73,4.70,-28.56
19494,-0.13,-0.31,0.94,1.16,7.26,-23.50
19509,-0.02,-0.27,0.93,10.68,7.57,-14.71
